,,,,,,,,,,,,,,,,,,,,,,,,,,,,,,,,,,,,,,,,,,,,,
,TABLE 9. EARLY CHILDHOOD DEVELOPMENT,,,,,,,,,,,,,,,,,,,,,,,,,,,,,,,,,,,,,,,,,,,,
,,,,,,,,,,,,,,,,,,,,,,,,,,,,,,,,,,,,,,,,,,,,,
,Countries and areas,"Attendance in early childhood education
2010?2018*",,,,,,,,,,"Early stimulation and responsive care by adults+
 2010?2018*",,,,,,,,,,"Early stimulation and responsive care by father+
2010?2018*",,"Learning materials at home 
2010?2018*",,,,,,,,,,,,"Children with inadequate supervision
2010?2018*",,,,,,,,,
,,,,,,,,,,,,,,,,,,,,,,,,Children's books            ,,,,,,Playthings+,,,,,,,,,,,,,,,
,,total,,male,,female,,poorest 20%,,richest 20%,,total,,male,,female,,poorest 20%,,richest 20%,,,,total,,poorest 20%,,richest 20%,,total,,poorest 20%,,richest 20%,,total,,male,,female,,poorest 20%,,richest 20%,
,,,,,,,,,,,,,,,,,,,,,,,,,,,,,,,,,,,,,,,,,,,,,
,Afghanistan,1,,1,,1,,0,,4,,73,,74,,73,,72,,80,,62,y,2,,1,,5,,53,,52,,57,,40,,42,,39,,43,,27,
,Albania,73,,73,,73,,62,,88,,78,,75,,80,,57,,88,,14,,32,x,16,x,52,x,53,x,57,x,48,x,7,,7,,6,,9,,3,
,Algeria,17,,17,,16,,7,,31,,78,,79,,78,,64,,92,,79,y,11,,3,,23,,35,,32,,36,,6,,6,,5,,6,,6,
,Andorra,?,,?,,?,,?,,?,,?,,?,,?,,?,,?,,?,,?,,?,,?,,?,,?,,?,,?,,?,,?,,?,,?,
,Angola,?,,?,,?,,?,,?,,?,,?,,?,,?,,?,,?,,?,,?,,?,,?,,?,,?,,?,,?,,?,,?,,?,
,Anguilla,?,,?,,?,,?,,?,,?,,?,,?,,?,,?,,?,,?,,?,,?,,?,,?,,?,,?,,?,,?,,?,,?,
,Antigua and Barbuda,?,,?,,?,,?,,?,,?,,?,,?,,?,,?,,?,,?,,?,,?,,?,,?,,?,,?,,?,,?,,?,,?,
,Argentina,63,,61,,66,,46,,85,,84,,83,,85,,73,,95,,57,y,61,,40,,83,,61,,58,,63,,8,,9,,8,,10,,5,
,Armenia,?,,?,,?,,?,,?,,?,,?,,?,,?,,?,,?,,?,,?,,?,,?,,?,,?,,?,,?,,?,,?,,?,
,Australia,?,,?,,?,,?,,?,,?,,?,,?,,?,,?,,?,,?,,?,,?,,?,,?,,?,,?,,?,,?,,?,,?,
,Austria,?,,?,,?,,?,,?,,?,,?,,?,,?,,?,,?,,?,,?,,?,,?,,?,,?,,?,,?,,?,,?,,?,
,Azerbaijan,?,,?,,?,,?,,?,,?,,?,,?,,?,,?,,?,,?,,?,,?,,?,,?,,?,,?,,?,,?,,?,,?,
,Bahamas,?,,?,,?,,?,,?,,?,,?,,?,,?,,?,,?,,?,,?,,?,,?,,?,,?,,?,,?,,?,,?,,?,
,Bahrain,?,,?,,?,,?,,?,,?,,?,,?,,?,,?,,?,,?,,?,,?,,?,,?,,?,,?,,?,,?,,?,,?,
,Bangladesh,13,,13,,14,,12,,18,,78,,78,,78,,64,,94,,10,,9,,2,,23,,60,,57,,60,,12,,11,,12,,14,,12,
,Barbados,90,,88,,91,,90,p,97,p,97,,97,,97,,100,p,100,p,46,y,85,,83,,89,,76,,68,,77,,1,,2,,1,,0,,3,
,Belarus,88,,86,,89,,75,,91,,96,,94,,97,,90,,99,,68,y,92,,83,,96,,79,,77,,79,,4,,4,,4,,4,,5,
,Belgium,?,,?,,?,,?,,?,,?,,?,,?,,?,,?,,?,,?,,?,,?,,?,,?,,?,,?,,?,,?,,?,,?,
,Belize,55,,52,,58,,29,,72,,88,,89,,86,,80,,94,,24,,44,,23,,73,,68,,70,,66,,13,,15,,11,,15,,11,
,Benin,19,y,18,y,20,y,5,y,49,y,39,y,39,y,39,y,32,y,56,y,4,y,2,y,0,y,7,y,55,y,39,y,70,y,29,y,28,y,30,y,36,y,22,y
,Bhutan,10,,10,,10,,3,,27,,54,,52,,57,,40,,73,,51,y,6,,1,,24,,52,,36,,60,,14,,13,,15,,17,,7,
,Bolivia (Plurinational State of),?,,?,,?,,?,,?,,?,,?,,?,,?,,?,,?,,?,,?,,?,,?,,?,,?,,?,,?,,?,,?,,?,
,Bosnia and Herzegovina,13,,12,,14,,2,,31,,95,,95,,96,,87,,100,,76,y,56,,39,,73,,56,,58,,60,,2,,2,,2,,3,,1,
,Botswana,18,x,?,,?,,?,,?,,?,,?,,?,,?,,?,,?,,?,,?,,?,,?,,?,,?,,?,,?,,?,,?,,?,
,Brazil,70,y,?,,?,,?,,?,,?,,?,,?,,?,,?,,?,,?,,?,,?,,?,,?,,?,,?,,?,,?,,?,,?,
,British Virgin Islands,?,,?,,?,,?,,?,,?,,?,,?,,?,,?,,?,,?,,?,,?,,?,,?,,?,,?,,?,,?,,?,,?,
,Brunei Darussalam,?,,?,,?,,?,,?,,?,,?,,?,,?,,?,,?,,?,,?,,?,,?,,?,,?,,?,,?,,?,,?,,?,
,Bulgaria,?,,?,,?,,?,,?,,?,,?,,?,,?,,?,,?,,?,,?,,?,,?,,?,,?,,?,,?,,?,,?,,?,
,Burkina Faso,3,y,3,y,3,y,,,,,14,x,14,x,14,x,12,x,26,x,24,"x,y",?,,?,,?,,?,,?,,?,,?,,?,,?,,?,,?,
,Burundi,7,y,7,y,7,y,1,y,31,y,58,y,58,y,59,y,56,y,67,y,3,y,0,y,0,y,0,y,35,y,29,y,52,y,42,y,42,y,42,y,43,y,30,y
,Cabo Verde,?,,?,,?,,?,,?,,?,,?,,?,,?,,?,,?,,?,,?,,?,,?,,?,,?,,?,,?,,?,,?,,?,
,Cambodia,15,y,12,y,17,y,7,y,38,y,59,y,57,y,62,y,48,y,73,y,8,y,4,y,1,y,12,y,34,y,20,y,53,y,10,y,10,y,10,y,16,y,4,y
,Cameroon,28,,27,,29,,2,,66,,44,,45,,44,,50,,52,,4,,4,,0,,17,,53,,47,,65,,34,,34,,35,,52,,23,
,Canada,?,,?,,?,,?,,?,,?,,?,,?,,?,,?,,?,,?,,?,,?,,?,,?,,?,,?,,?,,?,,?,,?,
,Central African Republic,5,,5,,6,,2,,17,,74,,74,,74,,70,,78,,42,y,1,,0,,3,,49,,41,,51,,61,,60,,62,,58,,60,
,Chad,3,y,3,y,3,y,1,y,11,y,47,y,47,y,46,y,41,y,51,y,1,y,1,y,1,y,2,y,41,y,33,y,52,y,47,y,50,y,45,y,43,y,46,y
,Chile,?,,?,,?,,?,,?,,?,,?,,?,,?,,?,,?,,?,,?,,?,,?,,?,,?,,?,,?,,?,,?,,?,
,China,?,,?,,?,,?,,?,,?,,?,,?,,?,,?,,?,,?,,?,,?,,?,,?,,?,,?,,?,,?,,?,,?,
,Colombia,37,y,?,,?,,?,,?,,?,,?,,?,,?,,?,,?,,?,,?,,?,,?,,?,,?,,?,,?,,?,,?,,?,
,Comoros,?,,?,,?,,?,,?,,?,,?,,?,,?,,?,,?,,?,,?,,?,,?,,?,,?,,?,,?,,?,,?,,?,
,Congo,36,,36,,37,,7,,77,,59,,59,,58,,47,,77,,6,,3,,0,,10,,51,,42,,51,,42,,42,,41,,54,,30,
,Cook Islands,?,,?,,?,,?,,?,,?,,?,,?,,?,,?,,?,,?,,?,,?,,?,,?,,?,,?,,?,,?,,?,,?,
,Costa Rica,18,,17,,18,,8,,40,,68,,69,,66,,54,,88,,52,y,37,,13,,70,,73,,68,,74,,4,,4,,4,,6,,3,
,Côte d'Ivoire,14,,14,,15,,2,,51,,29,,29,,29,,18,,61,,5,,1,,0,,7,,45,,35,,53,,20,,20,,19,,20,,18,
,Croatia,83,y,74,y,83,y,?,,?,,?,,?,,?,,?,,?,,?,,?,,?,,?,,?,,?,,?,,?,,?,,?,,?,,?,
,Cuba,76,,75,,77,,?,,?,,89,,89,,90,,?,,?,,18,,48,,?,,?,,78,,?,,?,,4,,4,,4,,?,,?,
,Cyprus,?,,?,,?,,?,,?,,?,,?,,?,,?,,?,,?,,?,,?,,?,,?,,?,,?,,?,,?,,?,,?,,?,
,Czechia,?,,?,,?,,?,,?,,?,,?,,?,,?,,?,,?,,?,,?,,?,,?,,?,,?,,?,,?,,?,,?,,?,
,Democratic People's Republic of Korea,73,,73,,73,,?,,?,,95,y,94,y,95,y,,,,,21,y,50,,?,,?,,59,,?,,?,,16,,17,,16,,?,,?,
,Democratic Republic of the Congo,7,y,7,y,7,y,1,y,20,y,52,y,55,y,48,y,45,y,64,y,3,y,1,y,0,y,2,y,27,y,18,y,49,y,49,y,50,y,48,y,57,y,29,y
,Denmark,?,,?,,?,,?,,?,,?,,?,,?,,?,,?,,?,,?,,?,,?,,?,,?,,?,,?,,?,,?,,?,,?,
,Djibouti,14,x,12,x,16,x,?,,?,,37,y,38,y,35,y,?,,?,,28,y,15,x,?,,?,,24,x,?,,?,,8,,8,,8,,?,,?,
,Dominica,?,,?,,?,,?,,?,,?,,?,,?,,?,,?,,?,,?,,?,,?,,?,,?,,?,,?,,?,,?,,?,,?,
,Dominican Republic,40,,39,,40,,16,,72,,58,,58,,59,,38,,73,,6,,10,,2,,28,,57,,57,,58,,5,,5,,5,,7,,3,
,Ecuador,?,,?,,?,,?,,?,,?,,?,,?,,?,,?,,?,,?,,?,,?,,?,,?,,?,,?,,?,,?,,?,,?,
,Egypt,47,y,48,y,47,y,34,y,50,y,?,,?,,?,,?,,?,,?,,?,,?,,?,,?,,?,,?,,4,,4,,4,,7,,2,
,El Salvador,25,,24,,26,,19,,44,,59,,57,,62,,45,,78,,8,,18,,6,,44,,62,,62,,58,,4,,4,,3,,4,,4,
,Equatorial Guinea,?,,?,,?,,?,,?,,?,,?,,?,,?,,?,,?,,?,,?,,?,,?,,?,,?,,?,,?,,?,,?,,?,
,Eritrea,?,,?,,?,,?,,?,,?,,?,,?,,?,,?,,?,,?,,?,,?,,?,,?,,?,,?,,?,,?,,?,,?,
,Estonia,?,,?,,?,,?,,?,,?,,?,,?,,?,,?,,?,,?,,?,,?,,?,,?,,?,,?,,?,,?,,?,,?,
,Eswatini,30,,26,,33,,28,,48,,39,,33,,44,,25,,59,,2,,6,,2,,19,,67,,56,,78,,17,,16,,17,,18,,15,
,Ethiopia,?,,?,,?,,?,,?,,?,,?,,?,,?,,?,,?,,?,,?,,?,,?,,?,,?,,?,,?,,?,,?,,?,
,Fiji,?,,?,,?,,?,,?,,?,,?,,?,,?,,?,,?,,?,,?,,?,,?,,?,,?,,?,,?,,?,,?,,?,
,Finland,?,,?,,?,,?,,?,,?,,?,,?,,?,,?,,?,,?,,?,,?,,?,,?,,?,,?,,?,,?,,?,,?,
,France,?,,?,,?,,?,,?,,?,,?,,?,,?,,?,,?,,?,,?,,?,,?,,?,,?,,?,,?,,?,,?,,?,
,Gabon,?,,?,,?,,?,,?,,?,,?,,?,,?,,?,,?,,?,,?,,?,,?,,?,,?,,?,,?,,?,,?,,?,
,Gambia,18,,17,,19,,12,,32,,48,,49,,47,,50,,55,,21,y,1,,0,,4,,42,,28,,50,,21,,22,,19,,25,,18,
,Georgia,62,y,?,,?,,?,,?,,83,,82,,84,,85,,82,,35,y,58,y,40,y,74,y,38,x,41,x,41,x,6,y,6,y,7,y,6,y,8,y
,Germany,?,,?,,?,,?,,?,,?,,?,,?,,?,,?,,?,,?,,?,,?,,?,,?,,?,,?,,?,,?,,?,,?,
,Ghana,68,,65,,72,,42,,97,,40,,38,,42,,23,,78,,30,y,6,,1,,23,,41,,31,,51,,21,,21,,21,,27,,15,
,Greece,?,,?,,?,,?,,?,,?,,?,,?,,?,,?,,?,,?,,?,,?,,?,,?,,?,,?,,?,,?,,?,,?,
,Grenada,?,,?,,?,,?,,?,,?,,?,,?,,?,,?,,?,,?,,?,,?,,?,,?,,?,,?,,?,,?,,?,,?,
,Guatemala,?,,?,,?,,?,,?,,?,,?,,?,,?,,?,,?,,?,,?,,?,,?,,?,,?,,?,,?,,?,,?,,?,
,Guinea,9,,9,,9,,3,,32,,31,,33,,30,,22,,51,,4,,0,,0,,1,,32,,17,,54,,34,,36,,33,,38,,36,
,Guinea-Bissau,13,,13,,14,,3,,46,,34,,41,,28,,33,,51,,0,,1,,0,,3,,31,,24,,46,,31,,31,,31,,27,,38,
,Guyana,61,,63,,59,,45,,76,,87,,85,,90,,82,,94,,16,,47,,25,,76,,69,,65,,70,,5,,5,,5,,10,,1,
,Haiti,63,y,63,y,63,y,31,y,84,y,54,y,52,y,57,y,34,y,79,y,7,y,8,y,1,y,20,y,48,y,33,y,58,y,22,y,23,y,22,y,28,y,15,y
,Holy See,?,,?,,?,,?,,?,,?,,?,,?,,?,,?,,?,,?,,?,,?,,?,,?,,?,,?,,?,,?,,?,,?,
,Honduras,19,,17,,21,,13,,28,,39,,38,,39,,20,,64,,17,,11,,1,,34,,78,,74,,81,,4,,5,,4,,8,,2,
,Hungary,?,,?,,?,,?,,?,,?,,?,,?,,?,,?,,?,,?,,?,,?,,?,,?,,?,,?,,?,,?,,?,,?,
,Iceland,?,,?,,?,,?,,?,,?,,?,,?,,?,,?,,?,,?,,?,,?,,?,,?,,?,,?,,?,,?,,?,,?,
,India,?,,?,,?,,?,,?,,?,,?,,?,,?,,?,,?,,?,,?,,?,,?,,?,,?,,?,,?,,?,,?,,?,
,Indonesia,17,,16,,18,,?,,?,,?,,?,,?,,?,,?,,?,,?,,?,,?,,?,,?,,?,,?,,?,,?,,?,,?,
,Iran (Islamic Republic of),20,y,19,y,22,y,?,,?,,70,y,69,y,70,y,?,,?,,60,y,36,y,?,,?,,67,y,?,,?,,15,y,15,y,15,y,?,,?,
,Iraq,2,,2,,3,,1,,5,,44,y,44,y,45,y,31,y,53,y,10,y,3,,1,,9,,47,,52,,43,,10,,10,,10,,12,,12,
,Ireland,?,,?,,?,,?,,?,,?,,?,,?,,?,,?,,?,,?,,?,,?,,?,,?,,?,,?,,?,,?,,?,,?,
,Israel,?,,?,,?,,?,,?,,?,,?,,?,,?,,?,,?,,?,,?,,?,,?,,?,,?,,?,,?,,?,,?,,?,
,Italy,?,,?,,?,,?,,?,,?,,?,,?,,?,,?,,?,,?,,?,,?,,?,,?,,?,,?,,?,,?,,?,,?,
,Jamaica,92,,92,,91,,88,,100,,88,,86,,90,,76,,86,,28,y,55,,34,,73,,61,,64,,56,,2,,2,,2,,2,,1,
,Japan,?,,?,,?,,?,,?,,?,,?,,?,,?,,?,,?,,?,,?,,?,,?,,?,,?,,?,,?,,?,,?,,?,
,Jordan,13,y,12,y,14,y,5,y,35,y,92,y,92,y,91,y,85,y,99,y,32,y,16,y,6,y,32,y,71,y,69,y,66,y,16,y,17,y,16,y,16,y,21,y
,Kazakhstan,55,,53,,58,,45,,70,,86,,84,,87,,83,,95,,7,,51,,35,,73,,60,,63,,61,,5,,4,,6,,8,,3,
,Kenya,?,,?,,?,,?,,?,,?,,?,,?,,?,,?,,?,,?,,?,,?,,?,,?,,?,,?,,?,,?,,?,,?,
,Kiribati,?,,?,,?,,?,,?,,?,,?,,?,,?,,?,,?,,?,,?,,?,,?,,?,,?,,?,,?,,?,,?,,?,
,Kuwait,?,,?,,?,,?,,?,,?,,?,,?,,?,,?,,?,,?,,?,,?,,?,,?,,?,,?,,?,,?,,?,,?,
,Kyrgyzstan,23,,23,,23,,12,,50,,72,,74,,70,,63,,73,,3,,27,,15,,54,,59,,63,,54,,5,,5,,4,,6,,5,
,Lao People's Democratic Republic,32,,30,,34,,13,,69,,30,y,29,y,30,y,21,y,49,y,7,y,4,,0,,18,,61,,51,,63,,12,,13,,12,,17,,6,
,Latvia,?,,?,,?,,?,,?,,?,,?,,?,,?,,?,,?,,?,,?,,?,,?,,?,,?,,?,,?,,?,,?,,?,
,Lebanon,62,x,63,x,60,x,?,,?,,56,"x,y ",58,"x,y ",54,"x,y ",?,,?,,74,"x,y",29,x,?,,?,,16,"x,y",?,,?,,9,x,8,x,10,x,?,,?,
,Lesotho,?,,?,,?,,?,,?,,?,,?,,?,,?,,?,,?,,?,,?,,?,,?,,?,,?,,?,,?,,?,,?,,?,
,Liberia,?,,?,,?,,?,,?,,?,,?,,?,,?,,?,,?,,?,,?,,?,,?,,?,,?,,?,,?,,?,,?,,?,
,Libya,?,,?,,?,,?,,?,,?,,?,,?,,?,,?,,?,,?,,?,,?,,?,,?,,?,,?,,?,,?,,?,,?,
,Liechtenstein,?,,?,,?,,?,,?,,?,,?,,?,,?,,?,,?,,?,,?,,?,,?,,?,,?,,?,,?,,?,,?,,?,
,Lithuania,?,,?,,?,,?,,?,,?,,?,,?,,?,,?,,?,,?,,?,,?,,?,,?,,?,,?,,?,,?,,?,,?,
,Luxembourg,?,,?,,?,,?,,?,,?,,?,,?,,?,,?,,?,,?,,?,,?,,?,,?,,?,,?,,?,,?,,?,,?,
,Madagascar,?,,?,,?,,?,,?,,?,,?,,?,,?,,?,,?,,?,,?,,?,,?,,?,,?,,?,,?,,?,,?,,?,
,Malawi,39,,37,,41,,26,,67,,29,,29,,30,,22,,44,,3,,1,,0,,6,,45,,35,,66,,37,,37,,37,,39,,28,
,Malaysia,53,,52,,55,,?,,?,,25,,25,,24,,?,,?,,?,,56,,?,,?,,62,,?,,?,,3,,3,,3,,?,,?,
,Maldives,78,y,78,y,79,y,69,y,82,"p,y",96,y,96,y,97,y,97,y,?,,25,y,59,y,50,y,70,y,48,y,50,y,33,y,12,y,10,y,14,y,11,y,22,y
,Mali,5,,6,,5,,1,,21,,55,,55,,55,,53,,65,,5,,0,,0,,2,,52,,42,,70,,32,,32,,32,,31,,27,
,Malta,?,,?,,?,,?,,?,,?,,?,,?,,?,,?,,?,,?,,?,,?,,?,,?,,?,,?,,?,,?,,?,,?,
,Marshall Islands,5,,5,,5,,4,,11,,72,,72,,73,,71,,83,,2,,19,,3,,44,,71,,61,,82,,9,,9,,10,,10,,9,
,Mauritania,12,,12,,12,,3,,30,,44,,46,,42,,30,,65,,5,,1,,0,,3,,33,,24,,52,,34,,35,,34,,39,,26,
,Mauritius,?,,?,,?,,?,,?,,?,,?,,?,,?,,?,,?,,?,,?,,?,,?,,?,,?,,?,,?,,?,,?,,?,
,Mexico,60,,58,,62,,58,,71,,76,,71,,80,,62,,94,,14,,35,,15,,64,,76,,74,,85,,5,,5,,5,,8,,3,
,Micronesia (Federated States of),?,,?,,?,,?,,?,,?,,?,,?,,?,,?,,?,,?,,?,,?,,?,,?,,?,,?,,?,,?,,?,,?,
,Monaco,?,,?,,?,,?,,?,,?,,?,,?,,?,,?,,?,,?,,?,,?,,?,,?,,?,,?,,?,,?,,?,,?,
,Mongolia,68,,68,,68,,36,,90,,55,,55,,55,,38,,71,,10,,33,,13,,57,,56,,57,,58,,10,,9,,11,,15,,8,
,Montenegro,40,,39,,42,,7,,66,,98,,97,,99,,93,,98,,45,,73,,48,,87,,60,,61,,66,,3,,3,,3,,2,,3,
,Montserrat,?,,?,,?,,?,,?,,?,,?,,?,,?,,?,,?,,?,,?,,?,,?,,?,,?,,?,,?,,?,,?,,?,
,Morocco,39,x,36,x,41,x,6,x,78,x,36,y,36,y,36,y,26,y,47,y,65,y,21,"x,y",9,"x,y",52,"x,y",14,"x,y",19,"x,y",7,"x,y",7,,?,,?,,?,,?,
,Mozambique,?,,?,,?,,?,,?,,47,x,45,x,48,x,48,x,50,x,20,"x,y",3,x,2,x,10,x,?,,?,,?,,33,x,33,x,32,x,,,,
,Myanmar,23,y,22,y,25,y,11,y,42,y,52,y,51,y,53,y,41,y,73,y,6,y,5,y,1,y,15,y,72,y,64,y,76,y,13,y,14,y,13,y,21,y,5,y
,Namibia,?,,?,,?,,?,,?,,?,,?,,?,,?,,?,,?,,?,,?,,?,,?,,?,,?,,?,,?,,?,,?,,?,
,Nauru,?,,?,,?,,?,,?,,?,,?,,?,,?,,?,,?,,?,,?,,?,,?,,?,,?,,?,,?,,?,,?,,?,
,Nepal,51,,52,,49,,41,,84,,67,,70,,64,,51,,90,,10,,5,,1,,16,,59,,60,,60,,21,,20,,21,,30,,12,
,Netherlands,?,,?,,?,,?,,?,,?,,?,,?,,?,,?,,?,,?,,?,,?,,?,,?,,?,,?,,?,,?,,?,,?,
,New Zealand,?,,?,,?,,?,,?,,?,,?,,?,,?,,?,,?,,?,,?,,?,,?,,?,,?,,?,,?,,?,,?,,?,
,Nicaragua,?,,?,,?,,?,,?,,?,,?,,?,,?,,?,,?,,?,,?,,?,,?,,?,,?,,?,,?,,?,,?,,?,
,Niger,?,,?,,?,,?,,?,,?,,?,,?,,?,,?,,?,,?,,?,,?,,?,,?,,?,,?,,?,,?,,?,,?,
,Nigeria,36,,36,,35,,8,,78,,63,,62,,63,,46,,87,,11,,6,,0,,19,,46,,38,,60,,32,,32,,31,,31,,30,
,Niue,?,,?,,?,,?,,?,,?,,?,,?,,?,,?,,?,,?,,?,,?,,?,,?,,?,,?,,?,,?,,?,,?,
,North Macedonia,35,,?,,?,,?,,?,,92,,92,,91,,81,,96,,71,y,52,,18,,81,,71,,70,,79,,5,,5,,5,,11,,1,
,Norway,?,,?,,?,,?,,?,,?,,?,,?,,?,,?,,?,,?,,?,,?,,?,,?,,?,,?,,?,,?,,?,,?,
,Oman,29,,28,,31,,,,,,81,,78,,84,,?,,?,,22,,25,,?,,?,,75,,?,,?,,45,,44,,45,,?,,?,
,Pakistan,?,,?,,?,,?,,?,,?,,?,,?,,?,,?,,?,,?,,?,,?,,?,,?,,?,,?,,?,,?,,?,,?,
,Palau,?,,?,,?,,?,,?,,?,,?,,?,,?,,?,,?,,?,,?,,?,,?,,?,,?,,?,,?,,?,,?,,?,
,Panama,37,,38,,35,,28,,67,,74,,73,,74,,55,,89,,45,y,26,,7,,59,,69,,67,,68,,3,,3,,2,,6,,1,
,Papua New Guinea,?,,?,,?,,?,,?,,?,,?,,?,,?,,?,,?,,?,,?,,?,,?,,?,,?,,?,,?,,?,,?,,?,
,Paraguay,31,,30,,32,,10,,61,,64,,62,,65,,40,,90,,17,y,23,,3,,61,,60,,55,,65,,3,,2,,3,,4,,2,
,Peru,77,y,76,y,79,y,70,y,90,y,?,,?,,?,,?,,?,,?,,?,,?,,?,,?,,?,,?,,?,,?,,?,,?,,?,
,Philippines,?,,?,,?,,?,,?,,?,,?,,?,,?,,?,,?,,?,,?,,?,,?,,?,,?,,?,,?,,?,,?,,?,
,Poland,?,,?,,?,,?,,?,,?,,?,,?,,?,,?,,?,,?,,?,,?,,?,,?,,?,,?,,?,,?,,?,,?,
,Portugal,?,,?,,?,,?,,?,,?,,?,,?,,?,,?,,?,,?,,?,,?,,?,,?,,?,,?,,?,,?,,?,,?,
,Qatar,41,,41,,41,,?,,?,,88,,89,,88,,?,,?,,85,y,40,,?,,?,,55,,?,,?,,12,,12,,11,,?,,?,
,Republic of Korea,?,,?,,?,,?,,?,,?,,?,,?,,?,,?,,?,,?,,?,,?,,?,,?,,?,,?,,?,,?,,?,,?,
,Republic of Moldova,71,,74,,67,,50,,88,,89,,86,,92,,81,,95,,47,y,68,,33,,87,,68,,75,,69,,6,,6,,6,,9,,5,
,Romania,82,y,82,y,83,y,?,,?,,?,,?,,?,,?,,?,,?,,?,,?,,?,,?,,?,,?,,?,,?,,?,,?,,?,
,Russian Federation,?,,?,,?,,?,,?,,?,,?,,?,,?,,?,,?,,?,,?,,?,,?,,?,,?,,?,,?,,?,,?,,?,
,Rwanda,13,y,12,y,14,y,3,y,45,y,44,y,43,y,45,y,32,y,63,y,2,y,1,y,0,y,3,y,30,y,21,y,41,y,35,y,35,y,35,y,38,y,21,y
,Saint Kitts and Nevis,?,,?,,?,,?,,?,,?,,?,,?,,?,,?,,?,,?,,?,,?,,?,,?,,?,,?,,?,,?,,?,,?,
,Saint Lucia,85,,87,,84,,?,,?,,93,,89,,96,,?,,?,,50,y,68,,?,,?,,59,,?,,?,,5,,5,,5,,?,,?,
,Saint Vincent and the Grenadines,?,,?,,?,,?,,?,,?,,?,,?,,?,,?,,?,,?,,?,,?,,?,,?,,?,,?,,?,,?,,?,,?,
,Samoa,?,,?,,?,,?,,?,,?,,?,,?,,?,,?,,?,,?,,?,,?,,?,,?,,?,,?,,?,,?,,?,,?,
,San Marino,?,,?,,?,,?,,?,,?,,?,,?,,?,,?,,?,,?,,?,,?,,?,,?,,?,,?,,?,,?,,?,,?,
,Sao Tome and Principe,36,,34,,39,,21,,63,,63,,63,,63,,48,,74,,3,,6,,1,,20,,65,,65,,57,,16,,17,,14,,26,,8,
,Saudi Arabia,?,,?,,?,,?,,?,,?,,?,,?,,?,,?,,?,,?,,?,,?,,?,,?,,?,,?,,?,,?,,?,,?,
,Senegal,24,y,23,y,26,y,5,y,56,y,29,y,28,y,31,y,21,y,44,y,1,y,1,y,0,y,4,y,24,y,13,y,31,y,28,y,28,y,28,y,33,y,14,y
,Serbia,50,,52,,49,,9,,82,,96,,95,,96,,87,,98,,37,,72,,44,,83,,75,,78,,76,,1,,2,,1,,3,,2,
,Seychelles,?,,?,,?,,?,,?,,?,,?,,?,,?,,?,,?,,?,,?,,?,,?,,?,,?,,?,,?,,?,,?,,?,
,Sierra Leone,12,,11,,12,,1,,41,,19,y,19,y,19,y,13,y,31,y,5,y,2,,0,,9,,41,,27,,66,,30,,30,,30,,32,,25,
,Singapore,?,,?,,?,,?,,?,,?,,?,,?,,?,,?,,?,,?,,?,,?,,?,,?,,?,,?,,?,,?,,?,,?,
,Slovakia,?,,?,,?,,?,,?,,?,,?,,?,,?,,?,,?,,?,,?,,?,,?,,?,,?,,?,,?,,?,,?,,?,
,Slovenia,?,,?,,?,,?,,?,,?,,?,,?,,?,,?,,?,,?,,?,,?,,?,,?,,?,,?,,?,,?,,?,,?,
,Solomon Islands,?,,?,,?,,?,,?,,?,,?,,?,,?,,?,,?,,?,,?,,?,,?,,?,,?,,?,,?,,?,,?,,?,
,Somalia,2,x,2,x,2,x,1,x,6,x,79,x,80,x,79,x,76,x,85,x,48,"x,y",?,,?,,?,,?,,?,,?,,?,,?,,?,,?,,?,
,South Africa,48,y,?,,?,,?,,?,,?,,?,,?,,?,,?,,?,,?,,?,,?,,?,,?,,?,,?,,?,,?,,?,,?,
,South Sudan,6,,6,,6,,2,,13,,?,,?,,?,,?,,?,,?,,?,,?,,?,,?,,?,,?,,?,,?,,?,,?,,?,
,Spain,?,,?,,?,,?,,?,,?,,?,,?,,?,,?,,?,,?,,?,,?,,?,,?,,?,,?,,?,,?,,?,,?,
,Sri Lanka,?,,?,,?,,?,,?,,?,,?,,?,,?,,?,,?,,?,,?,,?,,?,,?,,?,,?,,?,,?,,?,,?,
,State of Palestine,26,,27,,26,,21,,38,,78,,77,,78,,69,,87,,12,,20,,13,,31,,69,,64,,72,,14,,14,,15,,15,,12,
,Sudan,22,,22,,23,,7,,59,,?,,?,,?,,?,,?,,?,,2,,0,,7,,46,,36,,55,,?,,?,,?,,?,,?,
,Suriname,34,,33,,35,,16,,63,,73,,71,,75,,56,,91,,26,y,25,,4,,61,,59,,61,,60,,7,,7,,7,,9,,8,
,Sweden,?,,?,,?,,?,,?,,?,,?,,?,,?,,?,,?,,?,,?,,?,,?,,?,,?,,?,,?,,?,,?,,?,
,Switzerland,?,,?,,?,,?,,?,,?,,?,,?,,?,,?,,?,,?,,?,,?,,?,,?,,?,,?,,?,,?,,?,,?,
,Syrian Arab Republic,8,x,8,x,7,x,4,x,18,x,70,x,70,x,69,x,52,x,84,x,62,"x,y",30,x,12,x,53,x,52,x,52,x,51,x,17,x,17,x,17,x,22,x,15,x
,Tajikistan,6,,?,,?,,?,,?,,74,x,73,x,74,x,56,x,86,x,23,"x,y",17,x,4,x,33,x,46,x,43,x,44,x,13,x,13,x,12,x,15,x,11,x
,Thailand,85,,84,,85,,86,,84,,93,,93,,92,,87,,98,,34,,41,,23,,73,,76,,81,,67,,2,,6,,6,,8,,3,
,Timor-Leste,14,y,13,y,16,y,9,y,16,y,81,y,83,y,79,y,72,y,89,y,15,y,4,y,2,y,9,y,40,y,22,y,61,y,29,y,29,y,30,y,33,y,26,y
,Togo,26,y,26,y,26,y,15,y,52,y,26,y,26,y,26,y,22,y,44,y,3,y,1,y,0,y,3,y,34,y,22,y,48,y,29,y,26,y,33,y,36,y,26,y
,Tokelau,?,,?,,?,,?,,?,,?,,?,,?,,?,,?,,?,,?,,?,,?,,?,,?,,?,,?,,?,,?,,?,,?,
,Tonga,?,,?,,?,,?,,?,,?,,?,,?,,?,,?,,?,,?,,?,,?,,?,,?,,?,,?,,?,,?,,?,,?,
,Trinidad and Tobago,85,,85,,84,,72,,93,,96,,95,,96,,94,,100,,57,y,76,,63,,93,,76,,75,,82,,2,,2,,1,,3,,1,
,Tunisia,44,,42,,47,,13,,81,,71,,68,,74,,44,,90,,71,y,18,,3,,40,,53,,46,,56,,13,,13,,14,,18,,9,
,Turkey,?,,?,,?,,?,,?,,?,,?,,?,,?,,?,,?,,?,,?,,?,,?,,?,,?,,?,,?,,?,,?,,?,
,Turkmenistan,43,,43,,43,,17,,81,,94,,94,,95,,92,,98,,15,,48,,30,,66,,53,,59,,56,,1,,0,,1,,1,,1,
,Turks and Caicos Islands,?,,?,,?,,?,,?,,?,,?,,?,,?,,?,,?,,?,,?,,?,,?,,?,,?,,?,,?,,?,,?,,?,
,Tuvalu,?,,?,,?,,?,,?,,?,,?,,?,,?,,?,,?,,?,,?,,?,,?,,?,,?,,?,,?,,?,,?,,?,
,Uganda,37,y,34,y,39,y,15,y,66,y,53,y,51,y,55,y,38,y,74,y,3,y,2,y,0,y,8,y,50,y,39,y,59,y,37,y,37,y,37,y,49,y,21,y
,Ukraine,52,,54,,50,,30,,68,,98,,97,,98,,95,,99,,71,y,91,,92,,92,,52,,61,,51,,7,,6,,7,,11,,5,
,United Arab Emirates,?,,?,,?,,?,,?,,?,,?,,?,,?,,?,,?,,?,,?,,?,,?,,?,,?,,?,,?,,?,,?,,?,
,United Kingdom,?,,?,,?,,?,,?,,?,,?,,?,,?,,?,,?,,?,,?,,?,,?,,?,,?,,?,,?,,?,,?,,?,
,United Republic of Tanzania,?,,?,,?,,?,,?,,?,,?,,?,,?,,?,,?,,?,,?,,?,,?,,?,,?,,?,,?,,?,,?,,?,
,United States,?,,?,,?,,?,,?,,?,,?,,?,,?,,?,,?,,?,,?,,?,,?,,?,,?,,?,,?,,?,,?,,?,
,Uruguay,81,,83,,80,,?,,?,,93,,94,,91,,?,,?,,66,y,59,,?,,?,,75,,?,,?,,3,,3,,3,,?,,?,
,Uzbekistan,32,y,33,y,31,y,?,,?,,91,x,91,x,90,x,83,x,95,x,54,"x,y",43,x,32,x,59,x,67,x,74,x,62,x,5,x,5,x,5,x,6,x,7,x
,Vanuatu,?,,?,,?,,?,,?,,?,,?,,?,,?,,?,,?,,?,,?,,?,,?,,?,,?,,?,,?,,?,,?,,?,
,Venezuela (Bolivarian Republic of),66,y,?,,?,,?,,?,,?,,?,,?,,?,,?,,?,,?,,?,,?,,?,,?,,?,,?,,?,,?,,?,,?,
,Viet Nam,71,,74,,69,,53,,86,,76,,76,,76,,52,,96,,15,,26,,6,,58,,52,,44,,54,,7,,6,,8,,14,,2,
,Yemen,3,x,3,x,3,x,0,x,8,x,33,x,34,x,32,x,16,x,56,x,37,"x,y",10,x,4,x,31,x,49,x,45,x,49,x,34,x,36,x,33,x,46,x,22,x
,Zambia,?,,?,,?,,?,,?,,?,,?,,?,,?,,?,,?,,?,,?,,?,,?,,?,,?,,?,,?,,?,,?,,?,
,Zimbabwe,22,,20,,23,,17,,34,,43,,43,,43,,35,,59,,3,,3,,1,,12,,62,,48,,74,,19,,19,,18,,25,,7,
,,,,,,,,,,,,,,,,,,,,,,,,,,,,,,,,,,,,,,,,,,,,,
,SUMMARY,,,,,,,,,,,,,,,,,,,,,,,,,,,,,,,,,,,,,,,,,,,,
,East Asia and Pacific,?,,?,,?,,?,,?,,?,,?,,?,,?,,?,,?,,?,,?,,?,,?,,?,,?,,?,,?,,?,,?,,?,
,Europe and Central Asia,?,,?,,?,,?,,?,,?,,?,,?,,?,,?,,?,,?,,?,,?,,?,,?,,?,,?,,?,,?,,?,,?,
,Eastern Europe and Central Asia,?,,?,,?,,?,,?,,?,,?,,?,,?,,?,,?,,?,,?,,?,,?,,?,,?,,?,,?,,?,,?,,?,
,Western Europe,?,,?,,?,,?,,?,,?,,?,,?,,?,,?,,?,,?,,?,,?,,?,,?,,?,,?,,?,,?,,?,,?,
,Latin America and Caribbean,61,,?,,?,,?,,?,,?,,?,,?,,?,,?,,?,,?,,?,,?,,?,,?,,?,,?,,?,,?,,?,,?,
,Middle East and North Africa,28,,28,,28,,20,,37,,?,,?,,?,,?,,?,,?,,?,,?,,?,,?,,?,,?,,9,,9,,9,,9,,6,
,North America,?,,?,,?,,?,,?,,?,,?,,?,,?,,?,,?,,?,,?,,?,,?,,?,,?,,?,,?,,?,,?,,?,
,South Asia,?,,?,,?,,?,,?,,?,,?,,?,,?,,?,,?,,?,,?,,?,,?,,?,,?,,?,,?,,?,,?,,?,
,Sub-Saharan Africa,26,,24,,25,,8,,55,,51,,51,,51,,40,,70,,7,,3,,0,,10,,42,,33,,57,,35,,35,,34,,38,,27,
,Eastern and Southern Africa,?,,?,,?,,?,,?,,?,,?,,?,,?,,?,,?,,?,,?,,?,,?,,?,,?,,?,,?,,?,,?,,?,
,West and Central Africa,24,,24,,24,,7,,56,,52,,52,,51,,41,,71,,8,,3,,0,,12,,41,,32,,56,,35,,35,,34,,38,,28,
,Least developed countries,17,,16,,17,,8,,35,,56,,56,,55,,47,,71,,10,,3,,1,,9,,46,,38,,57,,31,,31,,31,,36,,22,
,World,?,,?,,?,,?,,?,,?,,?,,?,,?,,?,,?,,?,,?,,?,,?,,?,,?,,?,,?,,?,,?,,?,
,,,,,,,,,,,,,,,,,,,,,,,,,,,,,,,,,,,,,,,,,,,,,
,"For a complete list of countries and areas in the regions, subregions and country categories, see page 182 or visit <data.unicef.org/regionalclassifications>.",,,,,,,,,,,,,,,,,,,,,,,,,,,,,,,,,,,,,,,,,,,,
,It is not advisable to compare data from consecutive editions of The State of the World’s Children.,,,,,,,,,,,,,,,,,,,,,,,,,,,,,,,,,,,,,,,,,,,,
,,,,,,,,,,,,,,,,,,,,,,,,,,,,,,,,,,,,,,,,,,,,,
,NOTES,,,,,,,,,,,,,,,,,,,,,,,,,,,,,,,,,,,,,,,,,,,,
,- Data not available.,,,,,,,,,,,,,,,,,,,,,,,,,,,,,,,,,,,,,,,,,,,,
,p Based on small denominators (typically 25–49 unweighted cases). No data based on fewer than 25 unweighted cases are displayed.,,,,,,,,,,,,,,,,,,,,,,,,,,,,,,,,,,,,,,,,,,,,
,x Data refer to years or periods other than those specified in the column heading.  Such data are not included in the calculation of regional and global averages.,,,,,,,,,,,,,,,,,,,,,,,,,,,,,,,,,,,,,,,,,,,,
,"y Data differ from the standard definition or refer to only part of a country.  If they fall within the noted reference period, such data are included in the calculation of regional and global averages.",,,,,,,,,,,,,,,,,,,,,,,,,,,,,,,,,,,,,,,,,,,,
,"+ A more detailed explanation of the methodology and the changes in calculating these estimates can be found in the General Note on the Data, page 180.     ",,,,,,,,,,,,,,,,,,,,,,,,,,,,,,,,,,,,,,,,,,,,
,* Data refer to the most recent year available during the period specified in the column heading.,,,,,,,,,,,,,,,,,,,,,,,,,,,,,,,,,,,,,,,,,,,,
,,,,,,,,,,,,,,,,,,,,,,,,,,,,,,,,,,,,,,,,,,,,,
,DEFINITIONS OF THE INDICATORS,,,,,,,,,,,,,,,,,,,,,,,,,,,,,,,,,,,,,,,,,,,,
,Attendance in early childhood education – Percentage of children 36–59 months old who are attending an early childhood education programme. ,,,,,,,,,,,,,,,,,,,,,,,,,,,,,,,,,,,,,,,,,,,,
,"Early stimulation and responsive care by adults – Percentage of children 36–59 months old with whom an adult has engaged in four or more of the following activities to promote learning and school readiness in the past 3 days: a) reading books to the child, b) telling stories to the child, c) singing songs to the child, d) taking the child outside the home, e) playing with the child, and f) spending time with the child naming, counting or drawing things. ",,,,,,,,,,,,,,,,,,,,,,,,,,,,,,,,,,,,,,,,,,,,
,"Early stimulation and responsive care by father – Percentage of children 36–59 months old whose father has engaged in four or more of the following activities to promote learning and school readiness in the past 3 days: a) reading books to the child, b) telling stories to the child, c) singing songs to the child, d) taking the child outside the home, e) playing with the child, and f) spending time with the child naming, counting or drawing things.",,,,,,,,,,,,,,,,,,,,,,,,,,,,,,,,,,,,,,,,,,,,
,Learning materials at home: Children’s books – Percentage of children 0–59 months old who have three or more children’s books at home. ,,,,,,,,,,,,,,,,,,,,,,,,,,,,,,,,,,,,,,,,,,,,
,"Learning materials at home: Playthings – Percentage of children 0–59 months old with two or more of the following playthings at home: household objects or objects found outside (sticks, rocks, animals, shells, leaves etc.), homemade toys or toys that came from a store. ",,,,,,,,,,,,,,,,,,,,,,,,,,,,,,,,,,,,,,,,,,,,
,Children with inadequate supervision – Percentage of children 0–59 months old left alone or in the care of another child younger than 10 years of age for more than one hour at least once in the past week. ,,,,,,,,,,,,,,,,,,,,,,,,,,,,,,,,,,,,,,,,,,,,
,,,,,,,,,,,,,,,,,,,,,,,,,,,,,,,,,,,,,,,,,,,,,
,MAIN DATA SOURCES,,,,,,,,,,,,,,,,,,,,,,,,,,,,,,,,,,,,,,,,,,,,
,"Attendance in early childhood education – Demographic and Health Surveys (DHS), Multiple Indicator Cluster Surveys (MICS), and other national surveys. Last update: August 2019.",,,,,,,,,,,,,,,,,,,,,,,,,,,,,,,,,,,,,,,,,,,,
,"Early stimulation and responsive care by adults – DHS, MICS and other national surveys. Last update: August 2019.",,,,,,,,,,,,,,,,,,,,,,,,,,,,,,,,,,,,,,,,,,,,
,"Early stimulation and responsive care by father – DHS, MICS and other national surveys. Last update: August 2019.",,,,,,,,,,,,,,,,,,,,,,,,,,,,,,,,,,,,,,,,,,,,
,"Learning materials at home: Children’s books – DHS, MICS and other national surveys. Last update: August 2019.",,,,,,,,,,,,,,,,,,,,,,,,,,,,,,,,,,,,,,,,,,,,
,"Learning materials at home: Playthings – DHS, MICS and other national surveys. Last update: August 2019.",,,,,,,,,,,,,,,,,,,,,,,,,,,,,,,,,,,,,,,,,,,,
,"Children with inadequate supervision – DHS, MICS and other national surveys. Last update: August 2019.",,,,,,,,,,,,,,,,,,,,,,,,,,,,,,,,,,,,,,,,,,,,
,,,,,,,,,,,,,,,,,,,,,,,,,,,,,,,,,,,,,,,,,,,,,
,,,,,,,,,,,,,,,,,,,,,,,,,,,,,,,,,,,,,,,,,,,,,
,,,,,,,,,,,,,,,,,,,,,,,,,,,,,,,,,,,,,,,,,,,,,
,,,,,,,,,,,,,,,,,,,,,,,,,,,,,,,,,,,,,,,,,,,,,
,,,,,,,,,,,,,,,,,,,,,,,,,,,,,,,,,,,,,,,,,,,,,
,,,,,,,,,,,,,,,,,,,,,,,,,,,,,,,,,,,,,,,,,,,,,
,,,,,,,,,,,,,,,,,,,,,,,,,,,,,,,,,,,,,,,,,,,,,
,,,,,,,,,,,,,,,,,,,,,,,,,,,,,,,,,,,,,,,,,,,,,
,,,,,,,,,,,,,,,,,,,,,,,,,,,,,,,,,,,,,,,,,,,,,
,,,,,,,,,,,,,,,,,,,,,,,,,,,,,,,,,,,,,,,,,,,,,
,,,,,,,,,,,,,,,,,,,,,,,,,,,,,,,,,,,,,,,,,,,,,
,,,,,,,,,,,,,,,,,,,,,,,,,,,,,,,,,,,,,,,,,,,,,
,,,,,,,,,,,,,,,,,,,,,,,,,,,,,,,,,,,,,,,,,,,,,
,,,,,,,,,,,,,,,,,,,,,,,,,,,,,,,,,,,,,,,,,,,,,
,,,,,,,,,,,,,,,,,,,,,,,,,,,,,,,,,,,,,,,,,,,,,
,,,,,,,,,,,,,,,,,,,,,,,,,,,,,,,,,,,,,,,,,,,,,
,,,,,,,,,,,,,,,,,,,,,,,,,,,,,,,,,,,,,,,,,,,,,
,,,,,,,,,,,,,,,,,,,,,,,,,,,,,,,,,,,,,,,,,,,,,
,,,,,,,,,,,,,,,,,,,,,,,,,,,,,,,,,,,,,,,,,,,,,
,,,,,,,,,,,,,,,,,,,,,,,,,,,,,,,,,,,,,,,,,,,,,
,,,,,,,,,,,,,,,,,,,,,,,,,,,,,,,,,,,,,,,,,,,,,
,,,,,,,,,,,,,,,,,,,,,,,,,,,,,,,,,,,,,,,,,,,,,
,,,,,,,,,,,,,,,,,,,,,,,,,,,,,,,,,,,,,,,,,,,,,
,,,,,,,,,,,,,,,,,,,,,,,,,,,,,,,,,,,,,,,,,,,,,
,,,,,,,,,,,,,,,,,,,,,,,,,,,,,,,,,,,,,,,,,,,,,
,,,,,,,,,,,,,,,,,,,,,,,,,,,,,,,,,,,,,,,,,,,,,
,,,,,,,,,,,,,,,,,,,,,,,,,,,,,,,,,,,,,,,,,,,,,
,,,,,,,,,,,,,,,,,,,,,,,,,,,,,,,,,,,,,,,,,,,,,
,,,,,,,,,,,,,,,,,,,,,,,,,,,,,,,,,,,,,,,,,,,,,
,,,,,,,,,,,,,,,,,,,,,,,,,,,,,,,,,,,,,,,,,,,,,
,,,,,,,,,,,,,,,,,,,,,,,,,,,,,,,,,,,,,,,,,,,,,
,,,,,,,,,,,,,,,,,,,,,,,,,,,,,,,,,,,,,,,,,,,,,
,,,,,,,,,,,,,,,,,,,,,,,,,,,,,,,,,,,,,,,,,,,,,
,,,,,,,,,,,,,,,,,,,,,,,,,,,,,,,,,,,,,,,,,,,,,
,,,,,,,,,,,,,,,,,,,,,,,,,,,,,,,,,,,,,,,,,,,,,
,,,,,,,,,,,,,,,,,,,,,,,,,,,,,,,,,,,,,,,,,,,,,
,,,,,,,,,,,,,,,,,,,,,,,,,,,,,,,,,,,,,,,,,,,,,
,,,,,,,,,,,,,,,,,,,,,,,,,,,,,,,,,,,,,,,,,,,,,
,,,,,,,,,,,,,,,,,,,,,,,,,,,,,,,,,,,,,,,,,,,,,
,,,,,,,,,,,,,,,,,,,,,,,,,,,,,,,,,,,,,,,,,,,,,
,,,,,,,,,,,,,,,,,,,,,,,,,,,,,,,,,,,,,,,,,,,,,
,,,,,,,,,,,,,,,,,,,,,,,,,,,,,,,,,,,,,,,,,,,,,
,,,,,,,,,,,,,,,,,,,,,,,,,,,,,,,,,,,,,,,,,,,,,
,,,,,,,,,,,,,,,,,,,,,,,,,,,,,,,,,,,,,,,,,,,,,
,,,,,,,,,,,,,,,,,,,,,,,,,,,,,,,,,,,,,,,,,,,,,
,,,,,,,,,,,,,,,,,,,,,,,,,,,,,,,,,,,,,,,,,,,,,
,,,,,,,,,,,,,,,,,,,,,,,,,,,,,,,,,,,,,,,,,,,,,
,,,,,,,,,,,,,,,,,,,,,,,,,,,,,,,,,,,,,,,,,,,,,
,,,,,,,,,,,,,,,,,,,,,,,,,,,,,,,,,,,,,,,,,,,,,
,,,,,,,,,,,,,,,,,,,,,,,,,,,,,,,,,,,,,,,,,,,,,
,,,,,,,,,,,,,,,,,,,,,,,,,,,,,,,,,,,,,,,,,,,,,
,,,,,,,,,,,,,,,,,,,,,,,,,,,,,,,,,,,,,,,,,,,,,
,,,,,,,,,,,,,,,,,,,,,,,,,,,,,,,,,,,,,,,,,,,,,
,,,,,,,,,,,,,,,,,,,,,,,,,,,,,,,,,,,,,,,,,,,,,
,,,,,,,,,,,,,,,,,,,,,,,,,,,,,,,,,,,,,,,,,,,,,
,,,,,,,,,,,,,,,,,,,,,,,,,,,,,,,,,,,,,,,,,,,,,
,,,,,,,,,,,,,,,,,,,,,,,,,,,,,,,,,,,,,,,,,,,,,
,,,,,,,,,,,,,,,,,,,,,,,,,,,,,,,,,,,,,,,,,,,,,
,,,,,,,,,,,,,,,,,,,,,,,,,,,,,,,,,,,,,,,,,,,,,
,,,,,,,,,,,,,,,,,,,,,,,,,,,,,,,,,,,,,,,,,,,,,
,,,,,,,,,,,,,,,,,,,,,,,,,,,,,,,,,,,,,,,,,,,,,
,,,,,,,,,,,,,,,,,,,,,,,,,,,,,,,,,,,,,,,,,,,,,
,,,,,,,,,,,,,,,,,,,,,,,,,,,,,,,,,,,,,,,,,,,,,
,,,,,,,,,,,,,,,,,,,,,,,,,,,,,,,,,,,,,,,,,,,,,
,,,,,,,,,,,,,,,,,,,,,,,,,,,,,,,,,,,,,,,,,,,,,
,,,,,,,,,,,,,,,,,,,,,,,,,,,,,,,,,,,,,,,,,,,,,
,,,,,,,,,,,,,,,,,,,,,,,,,,,,,,,,,,,,,,,,,,,,,
,,,,,,,,,,,,,,,,,,,,,,,,,,,,,,,,,,,,,,,,,,,,,
,,,,,,,,,,,,,,,,,,,,,,,,,,,,,,,,,,,,,,,,,,,,,
,,,,,,,,,,,,,,,,,,,,,,,,,,,,,,,,,,,,,,,,,,,,,
,,,,,,,,,,,,,,,,,,,,,,,,,,,,,,,,,,,,,,,,,,,,,
,,,,,,,,,,,,,,,,,,,,,,,,,,,,,,,,,,,,,,,,,,,,,
,,,,,,,,,,,,,,,,,,,,,,,,,,,,,,,,,,,,,,,,,,,,,
,,,,,,,,,,,,,,,,,,,,,,,,,,,,,,,,,,,,,,,,,,,,,
,,,,,,,,,,,,,,,,,,,,,,,,,,,,,,,,,,,,,,,,,,,,,
,,,,,,,,,,,,,,,,,,,,,,,,,,,,,,,,,,,,,,,,,,,,,
,,,,,,,,,,,,,,,,,,,,,,,,,,,,,,,,,,,,,,,,,,,,,
,,,,,,,,,,,,,,,,,,,,,,,,,,,,,,,,,,,,,,,,,,,,,
,,,,,,,,,,,,,,,,,,,,,,,,,,,,,,,,,,,,,,,,,,,,,
,,,,,,,,,,,,,,,,,,,,,,,,,,,,,,,,,,,,,,,,,,,,,
,,,,,,,,,,,,,,,,,,,,,,,,,,,,,,,,,,,,,,,,,,,,,
,,,,,,,,,,,,,,,,,,,,,,,,,,,,,,,,,,,,,,,,,,,,,
,,,,,,,,,,,,,,,,,,,,,,,,,,,,,,,,,,,,,,,,,,,,,
,,,,,,,,,,,,,,,,,,,,,,,,,,,,,,,,,,,,,,,,,,,,,
,,,,,,,,,,,,,,,,,,,,,,,,,,,,,,,,,,,,,,,,,,,,,
,,,,,,,,,,,,,,,,,,,,,,,,,,,,,,,,,,,,,,,,,,,,,
,,,,,,,,,,,,,,,,,,,,,,,,,,,,,,,,,,,,,,,,,,,,,
,,,,,,,,,,,,,,,,,,,,,,,,,,,,,,,,,,,,,,,,,,,,,
,,,,,,,,,,,,,,,,,,,,,,,,,,,,,,,,,,,,,,,,,,,,,
,,,,,,,,,,,,,,,,,,,,,,,,,,,,,,,,,,,,,,,,,,,,,
,,,,,,,,,,,,,,,,,,,,,,,,,,,,,,,,,,,,,,,,,,,,,
,,,,,,,,,,,,,,,,,,,,,,,,,,,,,,,,,,,,,,,,,,,,,
,,,,,,,,,,,,,,,,,,,,,,,,,,,,,,,,,,,,,,,,,,,,,
,,,,,,,,,,,,,,,,,,,,,,,,,,,,,,,,,,,,,,,,,,,,,
,,,,,,,,,,,,,,,,,,,,,,,,,,,,,,,,,,,,,,,,,,,,,
,,,,,,,,,,,,,,,,,,,,,,,,,,,,,,,,,,,,,,,,,,,,,
,,,,,,,,,,,,,,,,,,,,,,,,,,,,,,,,,,,,,,,,,,,,,
,,,,,,,,,,,,,,,,,,,,,,,,,,,,,,,,,,,,,,,,,,,,,
,,,,,,,,,,,,,,,,,,,,,,,,,,,,,,,,,,,,,,,,,,,,,
,,,,,,,,,,,,,,,,,,,,,,,,,,,,,,,,,,,,,,,,,,,,,
,,,,,,,,,,,,,,,,,,,,,,,,,,,,,,,,,,,,,,,,,,,,,
,,,,,,,,,,,,,,,,,,,,,,,,,,,,,,,,,,,,,,,,,,,,,
,,,,,,,,,,,,,,,,,,,,,,,,,,,,,,,,,,,,,,,,,,,,,
,,,,,,,,,,,,,,,,,,,,,,,,,,,,,,,,,,,,,,,,,,,,,
,,,,,,,,,,,,,,,,,,,,,,,,,,,,,,,,,,,,,,,,,,,,,
,,,,,,,,,,,,,,,,,,,,,,,,,,,,,,,,,,,,,,,,,,,,,
,,,,,,,,,,,,,,,,,,,,,,,,,,,,,,,,,,,,,,,,,,,,,
,,,,,,,,,,,,,,,,,,,,,,,,,,,,,,,,,,,,,,,,,,,,,
