,,,,,,,,,,,,,,,,,,,,,,,,,,,,,,,,,,,,,,,,,,
,TABLE 16. WOMEN'S ECONOMIC EMPOWERMENT,,,,,,,,,,,,,,,,,,,,,,,,,,,,,,,,,,,,,,,,,
,,,,,,,,,,,,,,,,,,,,,,,,,,,,,,,,,,,,,,,,,,
,Countries and areas,Social Institutions and Gender Index (SIGI)                   2019,Legal frameworks on gender equality in employment        2018  ,"Maternity leave benefits
2018","Paternity leave benefits
2018","Demand for family planning satisfied with modern methods (%) 
2013?2018*",,"Educational attainment 
2010?2017*",,,,"Labour force participation rate
2010?2018*",,,,,,,,,,,,"Unemployment rate
2010?2018*",,,,,,,,,,,,"Mobile phone ownership
2014?2017*",,,,"Financial inclusion 
2014?2017*",,
,,,,,,,,upper secondary,,,,male,,,,,,female,,,,,,male,,,,,,female,,,,,,,,,,,,
,,,,,,,,male,,female,,rural,,urban,,total ,,rural,,urban,,total,,rural,,urban,,total,,rural,,urban,,total,,male,,female,,male,female,
,,,,,,,,,,,,,,,,,,,,,,,,,,,,,,,,,,,,,,,,,,
,Afghanistan,Very high,?,No,Yes,42,,?,,?,,74,,71,,73,,23,,16,,21,,10,,12,,10,,9,,36,,14,,?,,?,,23,7,
,Albania,Low,0.7,Yes,Yes,5,,46,,44,,?,,?,,?,,?,,?,,?,,?,,?,,?,,?,,?,,?,,?,,?,,42,38,
,Algeria,?,?,Yes,Yes,77,,28,x,23,x,65,,57,,60,,10,,15,,13,,?,,?,,?,,?,,?,,?,,?,,?,,56,29,
,Andorra,?,?,?,?,–,,48,,47,,?,,?,,?,,?,,?,,?,,?,,?,,?,,?,,?,,?,,?,,?,,?,?,
,Angola,?,?,No,No,30,,20,,12,,89,,73,,80,,90,,63,,75,,2,,12,,7,,1,,15,,8,,78,,80,,36,22,
,Anguilla,?,?,?,?,–,,?,,?,,?,,?,,?,,?,,?,,?,,?,,?,,?,,?,,?,,?,,?,,?,,?,?,
,Antigua and Barbuda,?,?,No,No,–,,?,,?,,?,,?,,?,,?,,?,,?,,?,,?,,?,,?,,?,,?,,?,,?,,?,?,
,Argentina,?,?,No,Yes,–,,40,x,44,x,?,,?,,?,,?,,?,,?,,?,,?,,?,,?,,?,,?,,?,,?,,46,51,
,Armenia,Low,0.8,Yes,No,37,,92,,92,,74,,68,,71,,61,,48,,53,,8,,25,,18,,7,,25,,17,,?,,?,,56,41,
,Australia,Very low,1.0,Yes,Yes,–,,78,,75,,67,,72,,71,,57,,61,,60,,?,,?,,?,,?,,?,,?,,?,,?,,100,99,
,Austria,Very low,?,Yes,No,–,,86,,73,,67,,67,,67,,57,,55,,56,,2,,7,,5,,3,,6,,5,,?,,?,,98,98,
,Azerbaijan,Low,?,Yes,No,22,x,92,,85,,?,,?,,?,,?,,?,,?,,?,,?,,?,,?,,?,,?,,88,,80,,29,28,
,Bahamas,?,?,?,?,–,,81,x,82,x,?,,?,,?,,?,,?,,?,,?,,?,,?,,?,,?,,?,,?,,?,,?,?,
,Bahrain,?,?,No,Yes,–,,39,,47,,?,,?,,?,,?,,?,,?,,?,,?,,?,,?,,?,,?,,100,,100,,86,75,
,Bangladesh,Very high,0.2,Yes,No,73,,34,,24,,80,,81,,81,,39,,31,,36,,3,,3,,3,,6,,9,,7,,54,,31,,65,36,
,Barbados,?,0.4,No,No,70,x,23,x,25,x,?,,?,,?,,?,,?,,?,,?,,?,,?,,?,,?,,?,,?,,?,,?,?,
,Belarus,Low,0.5,Yes,No,74,x,88,x,82,x,?,,?,,?,,?,,?,,?,,?,,?,,?,,?,,?,,?,,91,,95,,81,81,
,Belgium,Very low,?,Yes,Yes,–,,69,,65,,61,,59,,59,,52,,49,,50,,4,,7,,6,,4,,6,,6,,?,,?,,98,99,
,Belize,?,?,Yes,No,66,,36,,37,,81,,77,,79,,41,,57,,49,,4,,5,,5,,12,,8,,10,,?,,?,,44,52,
,Benin,Medium,?,Yes,Yes,26,,?,,?,,78,,70,,74,,73,,65,,70,,1,,4,,2,,2,,4,,3,,?,,?,,49,29,
,Bhutan,?,?,No,Yes,85,x,8,,3,,70,,75,,71,,60,,46,,56,,?,,?,,?,,?,,?,,?,,?,,?,,39,28,
,Bolivia (Plurinational State of),Low,?,No,Yes,50,,46,,39,,91,,76,,80,,77,,58,,64,,1,,5,,3,,1,,5,,4,,?,,?,,55,54,
,Bosnia and Herzegovina,Low,?,Yes,Yes,22,x,75,,51,,53,,53,,53,,27,,37,,31,,16,,19,,17,,21,,19,,20,,?,,?,,63,55,
,Botswana,?,?,No,No,–,,?,,?,,71,x,69,x,70,x,53,x,57,x,56,x,12,x,14,x,13,x,19,x,20,x,20,x,?,,?,,56,47,
,Brazil,Low,0.8,Yes,Yes,89,x,42,,46,,82,,77,,78,,55,,56,,56,,2,x,7,x,6,x,5,x,12,x,11,x,83,,84,,73,68,
,British Virgin Islands,?,?,?,?,–,,?,,?,,?,,?,,?,,?,,?,,?,,?,,?,,?,,?,,?,,?,,?,,?,,?,?,
,Brunei Darussalam,?,?,No,No,–,,?,,?,,68,,69,,69,,53,,58,,56,,9,,9,,9,,12,,9,,10,,99,,99,,?,?,
,Bulgaria,Low,1.0,Yes,Yes,–,,77,,74,,55,,65,,62,,38,,54,,49,,10,,4,,6,,9,,3,,5,,?,,?,,71,74,
,Burkina Faso,Medium,?,Yes,Yes,56,,4,,2,,77,,69,,75,,59,,55,,58,,3,,6,,4,,9,,9,,9,,?,,?,,51,35,
,Burundi,?,?,No,Yes,38,,5,,2,,79,,69,,78,,83,,55,,80,,1,,10,,2,,0,,10,,1,,16,,7,,8,7,
,Cabo Verde,?,0.7,No,Yes,73,x,20,,20,,66,,55,,63,,55,,36,,49,,31,,?,,31,,30,,?,,32,,75,,74,,?,?,
,Cambodia,Low,?,No,No,57,,47,,29,,89,,85,,88,,78,,70,,76,,1,,1,,1,,1,,1,,1,,?,,?,,22,22,
,Cameroon,Very high,0.4,Yes,Yes,47,,25,,11,,80,,74,,78,,74,,58,,67,,1,,6,,3,,1,,9,,4,,?,,?,,39,30,
,Canada,Very low,?,Yes,No,–,,83,,83,,67,,70,,70,,59,,62,,61,,6,,6,,6,,5,,6,,6,,?,,?,,100,100,
,Central African Republic,High,?,Yes,No,29,x,?,,?,,?,,?,,?,,?,,?,,?,,?,,?,,?,,?,,?,,?,,?,,?,,18,10,
,Chad,High,?,Yes,Yes,20,,10,x,2,x,?,,?,,?,,?,,?,,?,,?,,?,,?,,?,,?,,?,,?,,?,,29,15,
,Chile,Medium,0.8,Yes,Yes,–,,58,,56,,72,,70,,71,,42,,50,,49,,5,,7,,7,,7,,8,,8,,87,,97,,78,71,
,China,?,?,Yes,Yes,97,x,25,,19,,?,,?,,?,,?,,?,,?,,?,,?,,?,,?,,?,,?,,?,,?,,84,76,
,Colombia,Very low,0.8,Yes,Yes,87,,46,,48,,86,,79,,80,,46,,60,,57,,3,,9,,7,,8,,12,,12,,72,,74,,49,42,
,Comoros,?,?,Yes,No,29,x,?,,?,,52,x,48,x,51,x,34,x,29,x,33,x,4,x,6,x,4,x,4,x,7,x,5,x,?,,?,,26,18,
,Congo,?,?,Yes,No,43,,?,,?,,77,x,64,x,69,x,80,x,58,x,67,x,6,x,27,x,18,x,7,x,34,x,21,x,?,,?,,31,21,
,Cook Islands,?,?,?,?,–,,?,,?,,?,,?,,?,,?,,?,,?,,?,,?,,?,,?,,?,,?,,?,,?,,?,?,
,Costa Rica,Low,0.6,Yes,No,89,x,37,,39,,75,,73,,74,,39,,49,,46,,7,,8,,8,,14,,12,,12,,87,,87,,75,61,
,Côte d'Ivoire,High,0.8,Yes,Yes,39,,15,,7,,77,,66,,66,,52,,46,,46,,1,,3,,3,,1,,4,,4,,81,,47,,47,36,
,Croatia,Very low,1.0,Yes,No,–,,79,,63,,56,,58,,57,,41,,48,,46,,8,,7,,8,,12,,8,,9,,?,,?,,90,83,
,Cuba,?,?,?,?,89,,58,,57,,?,,?,,?,,?,,?,,?,,?,,?,,?,,?,,?,,?,,?,,?,,?,?,
,Cyprus,Low,?,Yes,No,–,,73,,70,,63,,69,,68,,51,,59,,57,,9,,8,,8,,9,,9,,9,,100,,99,,87,90,
,Czechia,Very low,?,Yes,No,86,x,94,,86,,68,,69,,69,,52,,53,,53,,2,,2,,2,,3,,3,,3,,97,,97,,84,79,
,Democratic People's Republic of Korea,Low,?,?,?,90,,?,,?,,?,,?,,?,,?,,?,,?,,?,,?,,?,,?,,?,,?,,?,,?,,?,?,
,Democratic Republic of the Congo,Medium,?,Yes,Yes,19,,39,,17,,76,,61,,70,,75,,44,,63,,2,,11,,5,,1,,10,,4,,?,,?,,27,24,
,Denmark,Very low,0.9,Yes,Yes,–,,78,,79,,64,,69,,67,,55,,60,,58,,4,,5,,5,,4,,6,,5,,82,,83,,100,100,
,Djibouti,?,?,Yes,Yes,–,,?,,?,,?,,?,,?,,?,,?,,?,,?,,?,,?,,?,,?,,?,,61,,52,,17,9,
,Dominica,?,?,No,No,–,,11,x,10,x,?,,?,,?,,?,,?,,?,,?,,?,,?,,?,,?,,?,,?,,?,,?,?,
,Dominican Republic,Very low,0.9,Yes,Yes,82,,31,,38,,79,,76,,76,,40,,51,,49,,3,,5,,4,,5,,9,,8,,70,,69,,58,54,
,Ecuador,Low,?,No,Yes,79,x,43,,42,,85,,77,,79,,61,,52,,55,,1,,4,,3,,2,,6,,4,,59,,58,,60,43,
,Egypt,?,?,No,No,80,,?,,?,,68,,65,,67,,22,,22,,22,,7,,10,,8,,19,,29,,23,,99,,97,,39,27,
,El Salvador,Low,0.9,Yes,Yes,80,,31,,28,,82,,75,,77,,35,,52,,46,,4,,5,,5,,3,,4,,4,,81,,78,,38,24,
,Equatorial Guinea,?,?,No,Yes,21,x,?,,?,,?,,?,,?,,?,,?,,?,,?,,?,,?,,?,,?,,?,,?,,?,,?,?,
,Eritrea,?,?,No,No,21,x,?,,?,,?,,?,,?,,?,,?,,?,,?,,?,,?,,?,,?,,?,,?,,?,,?,?,
,Estonia,Very low,?,Yes,Yes,–,,84,,90,,67,,74,,71,,55,,59,,57,,5,,6,,5,,5,,5,,5,,?,,?,,98,98,
,Eswatini,?,?,No,No,83,,?,,?,,51,,71,,56,,42,,63,,47,,24,,15,,21,,26,,22,,24,,?,,?,,30,27,
,Ethiopia,Low,?,No,No,62,,13,,6,,88,,73,,85,,79,,61,,75,,?,,?,,?,,?,,?,,?,,?,,?,,41,29,
,Fiji,?,0.6,No,No,–,,39,x,40,x,82,,72,,77,,38,,39,,39,,2,,5,,4,,5,,6,,6,,?,,?,,?,?,
,Finland,Very low,1.0,Yes,Yes,–,,73,,75,,59,,65,,63,,53,,57,,56,,6,,8,,7,,7,,8,,7,,95,,103,,100,100,
,France,Very low,0.9,Yes,Yes,96,x,73,,67,,59,,61,,60,,52,,51,,52,,7,,10,,9,,8,,10,,9,,?,,?,,97,91,
,Gabon,High,?,Yes,No,44,x,?,,?,,?,,?,,?,,?,,?,,?,,?,,?,,?,,?,,?,,?,,?,,?,,64,54,
,Gambia,?,?,Yes,Yes,27,,?,,?,,67,,70,,69,,52,,49,,50,,4,,9,,7,,11,,14,,13,,?,,?,,?,?,
,Georgia,Low,?,Yes,No,53,x,94,,93,,82,,68,,75,,71,,49,,58,,6,,24,,15,,4,,21,,13,,89,,81,,58,64,
,Germany,Very low,1.0,Yes,No,–,,88,,79,,68,,67,,67,,57,,56,,56,,2,,4,,4,,2,,3,,3,,?,,?,,99,99,
,Ghana,Medium,?,No,No,46,,27,,15,,53,,64,,59,,50,,60,,55,,2,,6,,4,,2,,6,,4,,?,,?,,62,54,
,Greece,Low,1.0,Yes,Yes,–,,57,,52,,59,,61,,60,,41,,46,,44,,13,,16,,15,,20,,26,,24,,?,,?,,86,85,
,Grenada,?,?,No,No,–,,?,,?,,?,,?,,?,,?,,?,,?,,?,,?,,?,,?,,?,,?,,?,,?,,?,?,
,Guatemala,Low,0.6,No,Yes,66,,26,,27,,89,,81,,85,,30,,47,,39,,1,,3,,2,,3,,4,,4,,?,,?,,46,42,
,Guinea,Very high,?,Yes,No,22,,?,,?,,73,x,55,x,66,x,70,x,45,x,63,x,2,x,15,x,6,x,2,x,11,x,4,x,?,,?,,27,20,
,Guinea-Bissau,?,?,No,No,56,,?,,?,,?,,?,,?,,?,,?,,?,,?,,?,,?,,?,,?,,?,,?,,?,,?,?,
,Guyana,?,?,No,No,52,,29,x,33,x,68,,71,,69,,40,,52,,44,,10,,10,,10,,15,,15,,15,,?,,?,,?,?,
,Haiti,Medium,?,No,No,43,,?,,?,,80,,67,,74,,59,,49,,54,,5,,19,,11,,10,,22,,16,,?,,?,,35,30,
,Holy See,?,?,?,?,–,,?,,?,,?,,?,,?,,?,,?,,?,,?,,?,,?,,?,,?,,?,,?,,?,,?,?,
,Honduras,Low,?,No,No,76,x,23,,26,,92,,77,,84,,37,,52,,46,,1,,5,,3,,3,,7,,6,,?,,?,,50,41,
,Hungary,Low,?,Yes,Yes,–,,81,,72,,67,,65,,66,,49,,49,,49,,4,,3,,3,,4,,4,,4,,?,,?,,78,72,
,Iceland,?,?,Yes,Yes,–,,67,x,55,x,87,,85,,86,,79,,78,,78,,2,,3,,3,,1,,3,,3,,?,,?,,?,?,
,India,Medium,0.3,Yes,No,67,,34,,19,,80,,76,,79,,26,,18,,23,,2,,3,,2,,3,,7,,4,,?,,?,,83,77,
,Indonesia,High,?,No,Yes,78,,38,,30,,85,,79,,82,,55,,50,,52,,3,,6,,4,,3,,5,,4,,65,,54,,46,51,
,Iran (Islamic Republic of),Very high,?,Yes,Yes,69,x,48,,49,,66,,63,,64,,16,,15,,15,,?,,?,,?,,?,,?,,?,,77,,55,,96,92,
,Iraq,Very high,0.6,Yes,No,55,,34,,24,,74,,72,,72,,7,,13,,11,,6,,8,,7,,4,,16,,12,,83,,57,,26,20,
,Ireland,Very low,?,Yes,Yes,–,,68,,73,,67,,70,,69,,53,,58,,56,,5,,6,,6,,5,,6,,6,,83,,83,,95,95,
,Israel,?,?,Yes,No,–,,82,,81,,70,,68,,68,,64,,59,,60,,?,,?,,?,,?,,?,,?,,?,,?,,92,94,
,Italy,Very low,?,Yes,Yes,–,,50,,48,,59,,60,,59,,40,,41,,41,,9,,10,,10,,11,,12,,12,,93,,90,,96,92,
,Jamaica,Low,?,No,No,79,x,?,,?,,76,,71,,73,,59,,62,,61,,?,,?,,?,,?,,?,,?,,96,,97,,79,78,
,Japan,Low,?,Yes,No,–,,82,,79,,?,,?,,?,,?,,?,,?,,?,,?,,?,,?,,?,,?,,90,,87,,98,98,
,Jordan,Very high,0.2,No,No,57,,43,,40,,?,,?,,?,,?,,?,,?,,?,,?,,?,,?,,?,,?,,?,,?,,56,27,
,Kazakhstan,Low,?,Yes,No,79,,86,x,85,x,?,,?,,?,,?,,?,,?,,?,,?,,?,,?,,?,,?,,87,,87,,57,60,
,Kenya,Medium,0.9,No,Yes,76,,26,,18,,76,,80,,78,,74,,68,,71,,1,,5,,3,,1,,7,,3,,46,,44,,86,78,
,Kiribati,?,?,No,No,36,x,?,,?,,?,,?,,?,,?,,?,,?,,?,,?,,?,,?,,?,,?,,?,,?,,?,?,
,Kuwait,?,?,No,No,–,,26,,36,,?,,?,,?,,?,,?,,?,,?,,?,,?,,?,,?,,?,,?,,?,,83,73,
,Kyrgyzstan,Low,?,Yes,No,66,,90,x,87,x,75,,75,,75,,50,,43,,46,,2,,9,,4,,3,,8,,4,,?,,?,,41,39,
,Lao People's Democratic Republic,Low,?,Yes,Yes,72,,?,,?,,39,,59,,45,,30,,49,,37,,14,,7,,11,,11,,4,,8,,?,,?,,26,32,
,Latvia,Very low,?,Yes,Yes,–,,87,,91,,65,,70,,68,,52,,58,,56,,9,,8,,8,,8,,6,,6,,?,,?,,94,93,
,Lebanon,Very high,0.5,No,No,–,,33,x,33,x,?,,?,,?,,?,,?,,?,,?,,?,,?,,?,,?,,?,,?,,?,,57,33,
,Lesotho,Medium,?,No,No,79,,13,x,14,x,?,,?,,?,,?,,?,,?,,?,,?,,?,,?,,?,,?,,?,,?,,45,46,
,Liberia,High,?,Yes,No,41,,?,,?,,91,,75,,82,,84,,63,,72,,1,,7,,4,,1,,4,,2,,?,,?,,44,28,
,Libya,?,?,Yes,No,24,,?,,?,,?,,?,,?,,?,,?,,?,,?,,?,,?,,?,,?,,?,,?,,?,,71,60,
,Liechtenstein,?,?,?,?,–,,81,x,63,x,?,,?,,?,,?,,?,,?,,?,,?,,?,,?,,?,,?,,?,,?,,?,?,
,Lithuania,Very low,1.0,Yes,Yes,–,,89,,84,,64,,70,,68,,50,,60,,57,,10,,5,,7,,8,,4,,5,,97,,97,,85,81,
,Luxembourg,?,?,Yes,Yes,–,,83,,76,,61,,66,,64,,54,,57,,56,,4,,6,,5,,5,,7,,6,,?,,?,,99,98,
,Madagascar,High,0.4,Yes,No,61,,?,,?,,92,,80,,89,,87,,72,,84,,1,,5,,2,,1,,7,,2,,?,,?,,20,16,
,Malawi,High,?,No,No,74,,?,,?,,56,,75,,60,,47,,65,,50,,24,,13,,21,,37,,36,,37,,52,,33,,38,30,
,Malaysia,?,0.3,No,No,–,,58,,59,,83,,79,,80,,49,,56,,54,,?,,?,,?,,?,,?,,?,,97,,94,,88,82,
,Maldives,?,?,No,Yes,43,x,6,x,4,x,77,,80,,78,,46,,48,,47,,?,,?,,?,,?,,?,,?,,?,,?,,?,?,
,Mali,High,?,Yes,Yes,35,,8,,3,,84,,75,,81,,59,,46,,55,,1,,4,,1,,0,,4,,1,,?,,?,,45,26,
,Malta,Low,?,Yes,Yes,–,,39,,37,,70,,70,,70,,54,,49,,49,,5,,4,,4,,7,,4,,4,,?,,?,,98,97,
,Marshall Islands,?,?,No,No,81,x,72,,68,,?,,?,,?,,?,,?,,?,,?,,?,,?,,?,,?,,?,,?,,?,,?,?,
,Mauritania,?,?,Yes,No,30,,?,,?,,63,,63,,63,,29,,26,,28,,4,,14,,8,,5,,23,,12,,?,,?,,26,15,
,Mauritius,?,?,Yes,Yes,41,,48,,40,,?,,?,,?,,?,,?,,?,,?,,?,,?,,?,,?,,?,,78,,71,,93,87,
,Mexico,Low,0.8,No,Yes,80,,34,,32,,81,,76,,77,,31,,47,,43,,2,,4,,3,,2,,4,,3,,73,,70,,41,33,
,Micronesia (Federated States of),?,?,No,No,–,,?,,?,,?,,?,,?,,?,,?,,?,,?,,?,,?,,?,,?,,?,,?,,?,,?,?,
,Monaco,?,?,?,?,–,,?,,?,,?,,?,,?,,?,,?,,?,,?,,?,,?,,?,,?,,?,,?,,?,,?,?,
,Mongolia,Low,?,Yes,No,65,,64,,71,,76,,60,,66,,67,,48,,54,,4,,9,,7,,4,,7,,6,,?,,?,,91,95,
,Montenegro,?,?,Yes,No,43,,80,,65,,?,,?,,?,,?,,?,,?,,?,,?,,?,,?,,?,,?,,?,,?,,69,68,
,Montserrat,?,?,?,?,–,,?,,?,,?,,?,,?,,?,,?,,?,,?,,?,,?,,?,,?,,?,,?,,?,,?,?,
,Morocco,Very high,?,Yes,Yes,69,,?,,?,,80,,70,,74,,36,,18,,25,,?,,?,,?,,?,,?,,?,,92,,92,,41,17,
,Mozambique,Low,0.7,No,Yes,56,,11,,8,,84,,73,,80,,87,,62,,78,,1,,7,,3,,1,,12,,4,,?,,?,,51,33,
,Myanmar,High,?,Yes,Yes,75,,?,,?,,79,,72,,77,,49,,46,,48,,1,,2,,1,,2,,3,,2,,?,,?,,26,26,
,Namibia,Low,?,No,No,80,,19,x,16,x,54,,70,,63,,49,,61,,55,,16,,24,,21,,13,,22,,19,,?,,?,,81,81,
,Nauru,?,?,?,?,43,x,?,,?,,?,,?,,?,,?,,?,,?,,?,,?,,?,,?,,?,,?,,?,,?,,?,?,
,Nepal,Medium,?,No,No,56,,25,,10,,48,,60,,54,,21,,32,,26,,12,,9,,10,,13,,13,,13,,?,,?,,50,42,
,Netherlands,Very low,1.0,Yes,Yes,–,,74,,66,,69,,70,,70,,58,,59,,59,,2,,4,,4,,3,,4,,4,,86,,82,,99,100,
,New Zealand,Very low,?,Yes,No,–,,72,,68,,81,,76,,76,,70,,65,,65,,?,,?,,?,,?,,?,,?,,?,,?,,99,99,
,Nicaragua,Very low,?,No,Yes,93,x,?,,?,,90,,78,,83,,35,,56,,48,,1,,6,,4,,5,,6,,6,,?,,?,,37,25,
,Niger,?,?,Yes,Yes,46,,5,,2,,90,,70,,86,,68,,40,,63,,0,,2,,1,,?,,3,,0,,77,,55,,20,11,
,Nigeria,High,0.3,No,No,43,,51,x,39,x,58,,54,,56,,48,,49,,49,,5,,8,,6,,4,,10,,7,,49,,32,,51,27,
,Niue,?,?,?,?,–,,?,,?,,?,,?,,?,,?,,?,,?,,?,,?,,?,,?,,?,,?,,?,,?,,?,?,
,North Macedonia,?,?,Yes,Yes,22,x,?,,?,,72,,66,,67,,45,,42,,43,,17,,23,,21,,18,,21,,20,,?,,?,,80,73,
,Norway,Very low,?,Yes,No,–,,78,,77,,65,,68,,66,,59,,64,,62,,3,,5,,4,,3,,4,,4,,?,,?,,99,100,
,Oman,?,?,No,No,40,,45,,63,,81,,89,,88,,21,,33,,30,,?,,?,,?,,?,,?,,?,,94,,87,,84,64,
,Pakistan,Very high,0.0,No,No,49,,34,,21,,82,,78,,80,,28,,12,,22,,4,,5,,4,,3,,10,,5,,?,,?,,35,7,
,Palau,?,?,No,No,–,,88,,88,,?,,?,,?,,?,,?,,?,,?,,?,,?,,?,,?,,?,,?,,?,,?,?,
,Panama,?,0.7,Yes,Yes,73,,40,,46,,80,,74,,76,,45,,52,,50,,2,,4,,3,,4,,6,,5,,?,,?,,51,42,
,Papua New Guinea,?,?,No,No,41,x,?,,?,,48,,57,,49,,47,,52,,48,,3,,13,,4,,1,,8,,1,,?,,?,,?,?,
,Paraguay,Medium,1.0,Yes,Yes,79,,36,,37,,87,,83,,84,,55,,62,,59,,4,,6,,5,,7,,8,,8,,?,,?,,51,46,
,Peru,Low,1.0,Yes,Yes,67,,61,,51,,92,,80,,83,,86,,64,,69,,0,,4,,3,,0,,5,,4,,69,,65,,51,34,
,Philippines,Very high,0.9,No,Yes,53,,57,,60,,74,,71,,72,,43,,48,,45,,2,,3,,2,,2,,3,,3,,?,,?,,30,39,
,Poland,Very low,?,Yes,Yes,–,,87,,83,,65,,65,,65,,46,,50,,48,,4,,4,,4,,4,,3,,4,,?,,?,,85,88,
,Portugal,Very low,?,Yes,Yes,–,,35,,38,,63,,65,,64,,50,,56,,54,,6,,7,,7,,7,,8,,7,,?,,?,,94,91,
,Qatar,?,?,No,No,69,x,37,,59,,?,,96,,96,,?,,59,,59,,?,,?,,?,,?,,?,,?,,100,,100,,69,62,
,Republic of Korea,?,?,?,Yes,–,,83,,70,,76,,73,,74,,56,,53,,53,,3,,4,,4,,3,,4,,4,,96,,93,,95,95,
,Republic of Moldova,Low,?,Yes,Yes,60,x,76,,74,,45,,47,,46,,42,,39,,41,,2,,5,,3,,1,,4,,2,,?,,?,,43,45,
,Romania,Very low,?,Yes,Yes,47,x,72,,61,,65,,65,,65,,43,,47,,46,,5,,4,,5,,4,,3,,3,,?,,?,,62,54,
,Russian Federation,Low,?,Yes,No,72,x,86,,83,,67,,73,,71,,50,,58,,56,,7,,4,,5,,7,,4,,5,,?,,?,,75,76,
,Rwanda,Low,?,No,Yes,63,,11,,7,,58,,70,,61,,41,,57,,44,,15,,16,,16,,19,,20,,19,,?,,?,,56,45,
,Saint Kitts and Nevis,?,?,No,No,–,,?,,?,,?,,?,,?,,?,,?,,?,,?,,?,,?,,?,,?,,?,,?,,?,,?,?,
,Saint Lucia,?,?,No,No,72,x,38,,43,,?,,?,,?,,?,,?,,?,,?,,?,,?,,?,,?,,?,,?,,?,,?,?,
,Saint Vincent and the Grenadines,?,?,No,No,–,,?,,?,,?,,?,,?,,?,,?,,?,,?,,?,,?,,?,,?,,?,,?,,?,,?,?,
,Samoa,?,?,No,Yes,39,,70,,75,,54,,60,,55,,29,,42,,31,,11,,10,,11,,24,,14,,21,,?,,?,,?,?,
,San Marino,?,?,Yes,No,–,,?,,?,,?,,?,,?,,?,,?,,?,,?,,?,,?,,?,,?,,?,,?,,?,,?,?,
,Sao Tome and Principe,?,?,Yes,No,52,,?,,?,,?,,?,,?,,?,,?,,?,,?,,?,,?,,?,,?,,?,,?,,?,,?,?,
,Saudi Arabia,?,?,No,Yes,–,,51,,46,,?,,?,,?,,?,,?,,?,,?,,?,,?,,?,,?,,?,,96,,92,,81,58,
,Senegal,Medium,?,Yes,Yes,51,,17,,5,,62,,55,,58,,33,,36,,35,,3,,10,,6,,3,,11,,7,,?,,?,,47,38,
,Serbia,Very low,1.0,Yes,Yes,39,,77,,66,,66,,61,,63,,46,,47,,47,,10,,14,,12,,12,,15,,14,,92,,91,,73,70,
,Seychelles,?,?,Yes,Yes,–,,48,x,44,x,?,,?,,?,,?,,?,,?,,?,,?,,?,,?,,?,,?,,?,,?,,?,?,
,Sierra Leone,High,?,No,No,45,,?,,?,,49,,62,,58,,46,,62,,56,,12,,3,,6,,7,,3,,4,,?,,?,,25,15,
,Singapore,Low,?,Yes,Yes,–,,74,,68,,?,,?,,?,,?,,?,,?,,?,,?,,?,,?,,?,,?,,91,,88,,100,96,
,Slovakia,Very low,?,Yes,No,–,,92,,83,,67,,68,,68,,50,,54,,52,,8,,5,,6,,9,,6,,7,,?,,?,,85,83,
,Slovenia,Very low,0.9,Yes,Yes,–,,87,,77,,64,,64,,64,,54,,54,,54,,4,,5,,5,,5,,6,,6,,?,,?,,98,97,
,Solomon Islands,?,?,No,No,38,,?,,?,,?,,?,,?,,?,,?,,?,,?,,?,,?,,?,,?,,?,,?,,?,,?,?,
,Somalia,?,?,?,?,–,,?,,?,,?,,?,,?,,?,,?,,?,,?,,?,,?,,?,,?,,?,,?,,?,,44,34,
,South Africa,Low,?,Yes,Yes,78,,67,,63,,48,,69,,62,,35,,55,,48,,29,,24,,25,,32,,28,,29,,117,,57,,68,70,
,South Sudan,?,?,No,No,6,x,16,x,11,x,?,,?,,?,,?,,?,,?,,?,,?,,?,,?,,?,,?,,?,,?,,13,5,
,Spain,Very low,1.0,Yes,Yes,–,,49,,48,,59,,65,,64,,46,,53,,52,,13,,14,,14,,18,,17,,17,,?,,?,,96,92,
,Sri Lanka,High,?,No,No,74,,60,,63,,76,,73,,75,,37,,30,,36,,3,,3,,3,,7,,6,,7,,?,,?,,74,73,
,State of Palestine,?,0.4,No,No,65,,40,,40,,?,,?,,?,,?,,?,,?,,?,,?,,?,,?,,?,,?,,82,,65,,34,16,
,Sudan,?,?,No,No,30,,?,,?,,73,,66,,70,,30,,25,,28,,12,,14,,12,,24,,42,,31,,70,,54,,20,10,
,Suriname,?,?,No,No,73,x,23,,26,,?,,?,,?,,?,,?,,?,,?,,?,,?,,?,,?,,?,,?,,?,,?,?,
,Sweden,Very low,1.0,Yes,Yes,–,,76,,75,,73,,76,,76,,69,,72,,71,,6,,7,,6,,5,,7,,6,,?,,?,,99,100,
,Switzerland,Very low,?,Yes,No,–,,89,,81,,75,,74,,74,,67,,62,,63,,3,,5,,4,,3,,6,,5,,?,,?,,98,99,
,Syrian Arab Republic,?,?,Yes,No,53,x,25,x,19,x,?,,?,,?,,?,,?,,?,,?,,?,,?,,?,,?,,?,,?,,?,,27,20,
,Tajikistan,Medium,?,Yes,No,45,,85,,76,,57,x,54,x,56,x,29,x,28,x,29,x,6,x,8,x,7,x,3,x,7,x,4,x,?,,?,,52,42,
,Thailand,Medium,?,No,No,89,,34,,32,,77,,76,,77,,59,,61,,60,,1,,1,,1,,1,,1,,1,,82,,81,,84,80,
,Timor-Leste,?,?,No,Yes,37,,?,,?,,75,,65,,73,,65,,50,,61,,2,,9,,3,,4,,18,,6,,?,,?,,?,?,
,Togo,High,?,Yes,Yes,37,,17,,3,,53,,45,,49,,69,,53,,61,,1,,5,,3,,2,,4,,2,,49,,39,,53,38,
,Tokelau,?,?,?,?,–,,?,,?,,?,,?,,?,,?,,?,,?,,?,,?,,?,,?,,?,,?,,?,,?,,?,?,
,Tonga,?,?,No,No,48,x,53,,55,,?,,?,,?,,?,,?,,?,,?,,?,,?,,?,,?,,?,,?,,?,,?,?,
,Trinidad and Tobago,Low,0.8,Yes,No,58,x,57,x,57,x,?,,?,,?,,?,,?,,?,,?,,?,,?,,?,,?,,?,,?,,?,,88,74,
,Tunisia,High,?,No,Yes,73,x,50,,39,,73,,69,,70,,18,,29,,26,,14,,13,,13,,22,,23,,23,,?,,?,,46,28,
,Turkey,Low,?,Yes,Yes,60,,40,,29,,?,,?,,?,,?,,?,,?,,?,,?,,?,,?,,?,,?,,?,,?,,83,54,
,Turkmenistan,?,?,?,?,76,,?,,?,,?,,?,,?,,?,,?,,?,,?,,?,,?,,?,,?,,?,,?,,?,,46,36,
,Turks and Caicos Islands,?,?,?,?,–,,?,,?,,?,,?,,?,,?,,?,,?,,?,,?,,?,,?,,?,,?,,?,,?,,?,?,
,Tuvalu,?,?,?,?,41,x,?,,?,,?,,?,,?,,?,,?,,?,,?,,?,,?,,?,,?,,?,,?,,?,,?,?,
,Uganda,High,0.8,No,Yes,54,,14,,6,,57,,77,,62,,39,,60,,45,,2,,5,,3,,3,,12,,4,,?,,?,,66,53,
,Ukraine,Low,0.5,Yes,No,68,x,78,x,71,x,67,,70,,69,,54,,58,,57,,?,,?,,?,,?,,?,,?,,?,,?,,65,61,
,United Arab Emirates,?,0.1,No,No,–,,43,x,60,x,?,,?,,?,,?,,?,,?,,?,,?,,?,,?,,?,,?,,99,,99,,93,76,
,United Kingdom,Very Low,0.9,Yes,Yes,–,,76,,73,,64,,69,,68,,55,,58,,58,,3,,4,,4,,3,,4,,4,,?,,?,,97,96,
,United Republic of Tanzania,High,0.8,No,Yes,54,,5,,2,,91,,83,,88,,86,,72,,80,,1,,3,,2,,1,,6,,3,,?,,?,,52,42,
,United States,Very low,?,No,No,77,,89,,90,,64,,70,,69,,53,,58,,57,,4,,4,,4,,4,,4,,4,,?,,?,,94,93,
,Uruguay,Low,?,Yes,Yes,–,,26,,33,,77,,72,,72,,51,,56,,56,,2,,7,,7,,7,,10,,10,,78,,80,,68,61,
,Uzbekistan,?,?,Yes,No,–,,94,,91,,?,,?,,?,,?,,?,,?,,?,,?,,?,,?,,?,,?,,?,,?,,38,36,
,Vanuatu,?,?,No,No,51,,?,,?,,82,x,68,x,78,x,63,x,51,x,60,x,2,x,10,x,4,x,2,x,15,x,5,x,?,,?,,?,?,
,Venezuela (Bolivarian Republic of),?,?,?,?,–,,59,,65,,76,,69,,69,,32,,46,,45,,?,,?,,?,,?,,?,,?,,?,,?,,77,70,
,Viet Nam,Low,0.7,Yes,Yes,70,,30,x,21,x,85,,74,,81,,77,,63,,72,,2,,3,,2,,1,,3,,2,,?,,?,,31,30,
,Yemen,Very high,?,?,?,38,,?,,?,,65,,66,,65,,5,,8,,6,,13,,10,,12,,25,,29,,26,,?,,?,,11,2,
,Zambia,Medium,?,No,No,62,,?,,?,,34,,59,,45,,20,,36,,28,,12,,10,,11,,10,,15,,13,,?,,?,,52,40,
,Zimbabwe,Medium,?,Yes,No,85,,19,,12,,90,,70,,82,,95,,87,,92,,1,,12,,5,,1,,19,,6,,?,,?,,59,52,
,,,,,,,,,,,,,,,,,,,,,,,,,,,,,,,,,,,,,,,,,,
,SUMMARY,,,,,,,,,,,,,,,,,,,,,,,,,,,,,,,,,,,,,,,,,
,East Asia and Pacific,?,?,?,?,86,,35,,29,,?,,?,,78,**,?,,?,,55,**,?,,?,,3,**,?,,?,,3,**,?,,?,,75,71,
,Europe and Central Asia,?,?,?,?,77,,74,,69,,?,,?,,66,,?,,?,,53,,?,,?,,6,,?,,?,,7,,?,,?,,84,79,
,Eastern Europe and Central Asia,?,?,?,?,69,,76,,71,,?,,?,,69,,?,,?,,53,,?,,?,,6,,?,,?,,6,,?,,?,,68,62,
,Western Europe,?,?,?,?,83,,72,,68,,?,,?,,65,,?,,?,,53,,?,,?,,7,,?,,?,,7,,?,,?,,95,93,
,Latin America and Caribbean,?,?,?,?,83,,42,,44,,?,,?,,78,,?,,?,,52,,?,,?,,5,,?,,?,,8,,?,,?,,59,52,
,Middle East and North Africa,?,?,?,?,68,,43,,40,,?,,?,,68,,?,,?,,19,,?,,?,,?,,?,,?,,?,,?,,?,,59,43,
,North America,?,?,?,?,83,,88,,89,,?,,?,,69,,?,,?,,58,,?,,?,,4,,?,,?,,4,,?,,?,,94,93,
,South Asia,?,?,?,?,67,,34,,20,,?,,?,,79,,?,,?,,25,,?,,?,,3,,?,,?,,4,,?,,?,,75,64,
,Sub-Saharan Africa,?,?,?,?,53,,30,,20,,?,,?,,70,,?,,?,,59,,?,,?,,6,,?,,?,,8,,?,,?,,47,35,
,Eastern and Southern Africa,?,?,?,?,62,,24,,18,,?,,?,,75,,?,,?,,63,,?,,?,,7,,?,,?,,10,,?,,?,,49,41,
,West and Central Africa,?,?,?,?,41,,35,,22,,?,,?,,64,,?,,?,,54,,?,,?,,5,,?,,?,,5,,?,,?,,44,28,
,Least developed countries,?,?,?,?,58,,23,,13,,?,,?,,75,,?,,?,,52,,?,,?,,4,,?,,?,,7,,?,,?,,41,28,
,World,?,?,?,?,76,,44,,38,,?,,?,,74,,?,,?,,44,,?,,?,,4,,?,,?,,5,,?,,?,,72,65,
,,,,,,,,,,,,,,,,,,,,,,,,,,,,,,,,,,,,,,,,,,
,"For a complete list of countries and areas in the regions, subregions and country categories, see page 182 or visit <data.unicef.org/regionalclassifications>.",,,,,,,,,,,,,,,,,,,,,,,,,,,,,,,,,,,,,,,,,
,It is not advisable to compare data from consecutive editions of The State of the World’s Children.,,,,,,,,,,,,,,,,,,,,,,,,,,,,,,,,,,,,,,,,,
,,,,,,,,,,,,,,,,,,,,,,,,,,,,,,,,,,,,,,,,,,
,NOTES,,,,,,,,,,,,,,,,,,,,,,,,,,,,,,,,,,,,,,,,,
,? Data not available.,,,,,,,,,,,,,,,,,,,,,,,,,,,,,,,,,,,,,,,,,
,x Data refer to years or periods other than those specified in the column heading. Such data are not included in the calculation of regional and global averages. Estimates from data years prior to 2000 are not displayed.,,,,,,,,,,,,,,,,,,,,,,,,,,,,,,,,,,,,,,,,,
,* Data refer to the most recent year available during the period specified in the column heading.,,,,,,,,,,,,,,,,,,,,,,,,,,,,,,,,,,,,,,,,,
,** Excludes China.,,,,,,,,,,,,,,,,,,,,,,,,,,,,,,,,,,,,,,,,,
,,,,,,,,,,,,,,,,,,,,,,,,,,,,,,,,,,,,,,,,,,
,DEFINITIONS OF THE INDICATORS,,,,,,,,,,,,,,,,,,,,,,,,,,,,,,,,,,,,,,,,,
,"Social Institutions and Gender Index (SIGI) – Level of gender discrimination in social institutions defined as discrimination in the family, restricted physical integrity, restricted access to reproductive and financial resources, and restricted liberties.",,,,,,,,,,,,,,,,,,,,,,,,,,,,,,,,,,,,,,,,,
,"Legal frameworks that promote, enforce and monitor gender equality in employment and economic benefits – Measures as a percentage of achivement from 0 to 100 with 100 being best practice, government efforts to put in place legal frameworks that promote, enforce and monitor gender equality in the area of employment and economic benefits.",,,,,,,,,,,,,,,,,,,,,,,,,,,,,,,,,,,,,,,,,
,Maternity leave benfits – Whether the law provides for 14 weeks or more of paid maternity leave in accordance with the International Labour Organization standards.,,,,,,,,,,,,,,,,,,,,,,,,,,,,,,,,,,,,,,,,,
,Paternity leave benefits – Whether the law provides for paid paternity leave (of any length).,,,,,,,,,,,,,,,,,,,,,,,,,,,,,,,,,,,,,,,,,
,Demand for family planning satisfied with modern methods – Percentage of women of reproductive age (15?49 years) who have their need for family planning satisfied with modern methods.,,,,,,,,,,,,,,,,,,,,,,,,,,,,,,,,,,,,,,,,,
,Educational attainment – Percentage of the population aged 25 years and older that completed at least upper secondary education (ISCED 3).,,,,,,,,,,,,,,,,,,,,,,,,,,,,,,,,,,,,,,,,,
,"Labour force participation rate – The proportion of a country’s working-age population that engages actively in the labour market, either by working or looking for work. ",,,,,,,,,,,,,,,,,,,,,,,,,,,,,,,,,,,,,,,,,
,Unemployment rate – The percentage of persons in the labour force who are unemployed.,,,,,,,,,,,,,,,,,,,,,,,,,,,,,,,,,,,,,,,,,
,Mobile phone ownership – Proportion of individuals who own a mobile telephone.,,,,,,,,,,,,,,,,,,,,,,,,,,,,,,,,,,,,,,,,,
,Financial inclusion – The percentage of adults (ages 15+) who report having an account (by themselves or together with someone else) at a bank or another type of financial institution or personally using a mobile money service in the past 12 months.,,,,,,,,,,,,,,,,,,,,,,,,,,,,,,,,,,,,,,,,,
,,,,,,,,,,,,,,,,,,,,,,,,,,,,,,,,,,,,,,,,,,
,MAIN DATA SOURCES,,,,,,,,,,,,,,,,,,,,,,,,,,,,,,,,,,,,,,,,,
,Social Institutions and Gender Equality Index (SIGI) – Organisation for Economic Co-operation and Development (OECD). Last update: March 2019. ,,,,,,,,,,,,,,,,,,,,,,,,,,,,,,,,,,,,,,,,,
,"Legal frameworks that promote, enforce and monitor gender equality in employment and economic benefits – UN Women, World Bank Group, OECD Development Centre. Last update: July 2019. ",,,,,,,,,,,,,,,,,,,,,,,,,,,,,,,,,,,,,,,,,
,Maternity leave benefits – World Bank Women Business and the Law. Last update: February 2019. ,,,,,,,,,,,,,,,,,,,,,,,,,,,,,,,,,,,,,,,,,
,Paternity leave benefits – World Bank Women Business and the Law. Last update: February 2019. ,,,,,,,,,,,,,,,,,,,,,,,,,,,,,,,,,,,,,,,,,
,"Demand for family planning satisfied with modern methods – United Nations, Department of Economic and Social Affairs, Population Division, United Nations Population Fund (UNFPA), based on Demographic and Health Surveys (DHS), Multiple Indicator Cluster Surveys (MICS), Reproductive Health Surveys, other national surveys, and National Health Information Systems (HIS). Last Update: March 2019.",,,,,,,,,,,,,,,,,,,,,,,,,,,,,,,,,,,,,,,,,
,Educational attainment – UNESCO Institute for Statistics (UIS). Last update: June 2019. ,,,,,,,,,,,,,,,,,,,,,,,,,,,,,,,,,,,,,,,,,
,Labour force participation rate – International Labour Organization (ILO). Last update: August 2019. ,,,,,,,,,,,,,,,,,,,,,,,,,,,,,,,,,,,,,,,,,
,Unemployment rate – International Labour Organization (ILO). Last update: August 2019. ,,,,,,,,,,,,,,,,,,,,,,,,,,,,,,,,,,,,,,,,,
,Mobile phone ownership – International Telecommunication Union (ITU). Last update: March 2019.,,,,,,,,,,,,,,,,,,,,,,,,,,,,,,,,,,,,,,,,,
,Financial inclusion – World Bank. Last update: July 2019.,,,,,,,,,,,,,,,,,,,,,,,,,,,,,,,,,,,,,,,,,
,"Country data on SDG indicators included in this table (legal frameworks on gender equality in employment, demand for family planning satisfied with modern methods, mobile phone ownership, and financial inclusion) refer to the most recent year available as reported in the SDG Global Database 2019 version.",,,,,,,,,,,,,,,,,,,,,,,,,,,,,,,,,,,,,,,,,
,,,,,,,,,,,,,,,,,,,,,,,,,,,,,,,,,,,,,,,,,,
,,,,,,,,,,,,,,,,,,,,,,,,,,,,,,,,,,,,,,,,,,
,,,,,,,,,,,,,,,,,,,,,,,,,,,,,,,,,,,,,,,,,,
,,,,,,,,,,,,,,,,,,,,,,,,,,,,,,,,,,,,,,,,,,
,,,,,,,,,,,,,,,,,,,,,,,,,,,,,,,,,,,,,,,,,,
,,,,,,,,,,,,,,,,,,,,,,,,,,,,,,,,,,,,,,,,,,
,,,,,,,,,,,,,,,,,,,,,,,,,,,,,,,,,,,,,,,,,,
,,,,,,,,,,,,,,,,,,,,,,,,,,,,,,,,,,,,,,,,,,
,,,,,,,,,,,,,,,,,,,,,,,,,,,,,,,,,,,,,,,,,,
,,,,,,,,,,,,,,,,,,,,,,,,,,,,,,,,,,,,,,,,,,
,,,,,,,,,,,,,,,,,,,,,,,,,,,,,,,,,,,,,,,,,,
,,,,,,,,,,,,,,,,,,,,,,,,,,,,,,,,,,,,,,,,,,
,,,,,,,,,,,,,,,,,,,,,,,,,,,,,,,,,,,,,,,,,,
,,,,,,,,,,,,,,,,,,,,,,,,,,,,,,,,,,,,,,,,,,
,,,,,,,,,,,,,,,,,,,,,,,,,,,,,,,,,,,,,,,,,,
